ID,Date,Symbol,Open,High,Low,Close,Volume,Market Cap,Year,Month,Day,DayOfWeek
0,2015-08-07,ETH,2.83,3.54,2.52,2.77,164329.0,0.0,2015,8,8,4
1,2015-08-08,ETH,2.79,2.8,0.714725,0.753325,674188.0,167911008.0,2015,8,8,5
2,2015-08-09,ETH,0.706136,0.87981,0.629191,0.701897,532170.0,42637600.0,2015,8,8,6
3,2015-08-10,ETH,0.713989,0.729854,0.6365460000000001,0.708448,405283.0,43130000.0,2015,8,8,0
4,2015-08-11,ETH,0.708087,1.13,0.663235,1.07,1463100.0,42796500.0,2015,8,8,1
5,2015-08-12,ETH,1.06,1.29,0.883608,1.22,2150620.0,64018400.0,2015,8,8,2
6,2015-08-13,ETH,1.22,1.97,1.17,1.83,4068680.0,73935400.0,2015,8,8,3
7,2015-08-14,ETH,1.81,2.26,1.75,1.83,4637030.0,109594000.0,2015,8,8,4
8,2015-08-15,ETH,1.8,1.88,1.57,1.69,2554360.0,109160000.0,2015,8,8,5
9,2015-08-16,ETH,1.68,1.7,1.09,1.57,3550790.0,102028000.0,2015,8,8,6
10,2015-08-17,ETH,1.58,1.58,1.19,1.2,1942830.0,95819696.0,2015,8,8,0
11,2015-08-18,ETH,1.22,1.33,1.09,1.09,1485680.0,88143200.0,2015,8,8,1
12,2015-08-19,ETH,1.17,1.32,1.17,1.26,1486240.0,84663904.0,2015,8,8,2
13,2015-08-20,ETH,1.25,1.53,1.25,1.46,2843760.0,90809000.0,2015,8,8,3
14,2015-08-21,ETH,1.48,1.56,1.35,1.4,2020970.0,107266000.0,2015,8,8,4
15,2015-08-22,ETH,1.4,1.48,1.35,1.38,948310.0,101404000.0,2015,8,8,5
16,2015-08-23,ETH,1.38,1.41,1.3,1.35,1589300.0,99894496.0,2015,8,8,6
17,2015-08-24,ETH,1.35,1.36,1.23,1.23,924920.0,97791600.0,2015,8,8,0
18,2015-08-25,ETH,1.23,1.24,1.13,1.14,1307180.0,89321904.0,2015,8,8,1
19,2015-08-26,ETH,1.13,1.2,1.06,1.16,1056750.0,82384400.0,2015,8,8,2
20,2015-08-27,ETH,1.17,1.19,1.14,1.15,686662.0,85106096.0,2015,8,8,3
21,2015-08-28,ETH,1.15,1.21,1.12,1.19,721872.0,83521696.0,2015,8,8,4
22,2015-08-29,ETH,1.19,1.21,1.15,1.18,375377.0,86887600.0,2015,8,8,5
23,2015-08-30,ETH,1.18,1.37,1.17,1.32,1337650.0,86145904.0,2015,8,8,6
24,2015-08-31,ETH,1.32,1.4,1.2,1.36,1447180.0,96251000.0,2015,8,8,0
25,2015-09-01,ETH,1.35,1.39,1.34,1.35,778862.0,98617200.0,2015,9,9,1
26,2015-09-02,ETH,1.35,1.35,1.26,1.29,883769.0,98504600.0,2015,9,9,2
27,2015-09-03,ETH,1.3,1.31,1.21,1.26,702991.0,94418704.0,2015,9,9,3
28,2015-09-04,ETH,1.26,1.3,1.24,1.27,474391.0,92234096.0,2015,9,9,4
29,2015-09-05,ETH,1.28,1.34,1.27,1.34,448453.0,93402304.0,2015,9,9,5
30,2015-09-06,ETH,1.34,1.37,1.29,1.3,491968.0,97625504.0,2015,9,9,6
31,2015-09-07,ETH,1.3,1.31,1.24,1.25,489014.0,94585296.0,2015,9,9,0
32,2015-09-08,ETH,1.25,1.28,1.23,1.24,427892.0,91020704.0,2015,9,9,1
33,2015-09-09,ETH,1.24,1.26,1.2,1.21,366748.0,90518304.0,2015,9,9,2
34,2015-09-10,ETH,1.21,1.22,1.14,1.17,662782.0,88230496.0,2015,9,9,3
35,2015-09-11,ETH,1.16,1.17,0.940675,0.982978,1942600.0,85144304.0,2015,9,9,4
36,2015-09-12,ETH,0.9872280000000001,1.11,0.96978,1.04,772430.0,72179000.0,2015,9,9,5
37,2015-09-13,ETH,1.04,1.04,0.902832,0.936003,644138.0,76193600.0,2015,9,9,6
38,2015-09-14,ETH,0.940566,0.9493870000000001,0.8717600000000001,0.8756219999999999,741085.0,68814400.0,2015,9,9,0
39,2015-09-15,ETH,0.875189,1.05,0.875189,0.9444100000000001,703390.0,64052400.0,2015,9,9,1
40,2015-09-16,ETH,0.9419770000000001,0.9526979999999999,0.901639,0.907175,615593.0,68963296.0,2015,9,9,2
41,2015-09-17,ETH,0.9068649999999999,0.9092040000000001,0.831132,0.874231,897940.0,66415200.0,2015,9,9,3
42,2015-09-18,ETH,0.874574,0.8881020000000001,0.833908,0.853685,484622.0,64071300.0,2015,9,9,4
43,2015-09-19,ETH,0.8496030000000001,0.911883,0.833784,0.882391,386988.0,62262700.0,2015,9,9,5
44,2015-09-20,ETH,0.881191,0.947741,0.8732049999999999,0.9384450000000001,508314.0,64600000.0,2015,9,9,6
45,2015-09-21,ETH,0.9414959999999999,0.957326,0.878301,0.919047,424039.0,69045904.0,2015,9,9,0
46,2015-09-22,ETH,0.9193370000000001,0.9193370000000001,0.865225,0.9017959999999999,487914.0,67444200.0,2015,9,9,1
47,2015-09-23,ETH,0.90356,0.90891,0.885136,0.8934059999999999,200541.0,66309600.0,2015,9,9,2
48,2015-09-24,ETH,0.8967959999999999,0.9085709999999999,0.79346,0.81361,842505.0,65836400.0,2015,9,9,3
49,2015-09-25,ETH,0.820031,0.825665,0.712745,0.736223,903457.0,60221400.0,2015,9,9,4
50,2015-09-26,ETH,0.73763,0.7875439999999999,0.709328,0.785964,369620.0,54188900.0,2015,9,9,5
51,2015-09-27,ETH,0.791277,0.791277,0.719169,0.720839,413801.0,58149600.0,2015,9,9,6
52,2015-09-28,ETH,0.723715,0.725677,0.557062,0.582886,1320890.0,53201800.0,2015,9,9,0
53,2015-09-29,ETH,0.579414,0.67583,0.558346,0.661146,913992.0,42607700.0,2015,9,9,1
54,2015-09-30,ETH,0.661192,0.746722,0.635861,0.738644,619926.0,48636600.0,2015,9,9,2
55,2015-10-01,ETH,0.7343069999999999,0.7343069999999999,0.655906,0.6902149999999999,596084.0,54032300.0,2015,10,10,3
56,2015-10-02,ETH,0.683732,0.69112,0.654605,0.678574,219318.0,50328700.0,2015,10,10,4
57,2015-10-03,ETH,0.678783,0.709204,0.6754819999999999,0.687171,163326.0,49981900.0,2015,10,10,5
58,2015-10-04,ETH,0.686343,0.693126,0.660716,0.668379,103497.0,50556000.0,2015,10,10,6
59,2015-10-05,ETH,0.666784,0.674438,0.62445,0.6286430000000001,234263.0,49131600.0,2015,10,10,0
60,2015-10-06,ETH,0.622218,0.653944,0.60623,0.650645,262674.0,45863300.0,2015,10,10,1
61,2015-10-07,ETH,0.650515,0.656301,0.6024229999999999,0.609388,218327.0,47964700.0,2015,10,10,2
62,2015-10-08,ETH,0.6095010000000001,0.633138,0.591971,0.6217159999999999,310266.0,44955900.0,2015,10,10,3
63,2015-10-09,ETH,0.655084,0.692296,0.632116,0.650628,386420.0,48334900.0,2015,10,10,4
64,2015-10-10,ETH,0.641187,0.649022,0.624374,0.627857,141555.0,47325200.0,2015,10,10,5
65,2015-10-11,ETH,0.6274609999999999,0.639506,0.6183350000000001,0.634963,102128.0,46327500.0,2015,10,10,6
66,2015-10-12,ETH,0.6345149999999999,0.6577890000000001,0.62603,0.62603,109567.0,46864200.0,2015,10,10,0
67,2015-10-13,ETH,0.627943,0.6302399999999999,0.599214,0.6076550000000001,303044.0,46395200.0,2015,10,10,1
68,2015-10-14,ETH,0.61224,0.61224,0.48397399999999996,0.522968,971664.0,45250600.0,2015,10,10,2
69,2015-10-15,ETH,0.523278,0.5727140000000001,0.51473,0.561878,371022.0,38688300.0,2015,10,10,3
70,2015-10-16,ETH,0.562593,0.568861,0.522533,0.5364949999999999,249891.0,41608900.0,2015,10,10,4
71,2015-10-17,ETH,0.534117,0.5634600000000001,0.526961,0.5471779999999999,313860.0,39515900.0,2015,10,10,5
72,2015-10-18,ETH,0.547913,0.552234,0.512861,0.517734,133690.0,40550400.0,2015,10,10,6
73,2015-10-19,ETH,0.517621,0.521546,0.480994,0.48901400000000006,243742.0,38321300.0,2015,10,10,0
74,2015-10-20,ETH,0.489629,0.501898,0.431648,0.434829,383921.0,36261200.0,2015,10,10,1
75,2015-10-21,ETH,0.43158900000000006,0.48298800000000003,0.420897,0.447329,609085.0,31973600.0,2015,10,10,2
76,2015-10-22,ETH,0.444988,0.619466,0.420991,0.567702,924822.0,32977300.0,2015,10,10,3
77,2015-10-23,ETH,0.5663699999999999,0.611743,0.5042840000000001,0.5396569999999999,878822.0,41986400.0,2015,10,10,4
78,2015-10-24,ETH,0.5396810000000001,0.577396,0.518688,0.5635899999999999,258356.0,40022100.0,2015,10,10,5
79,2015-10-25,ETH,0.563207,0.688192,0.561383,0.616039,635384.0,41781300.0,2015,10,10,6
80,2015-10-26,ETH,0.619743,0.757517,0.5970979999999999,0.731317,1089120.0,45991300.0,2015,10,10,0
81,2015-10-27,ETH,0.7088899999999999,0.898172,0.7088899999999999,0.869641,1846370.0,52624300.0,2015,10,10,1
82,2015-10-28,ETH,0.8709379999999999,1.06,0.8078569999999999,1.0,2373050.0,64676600.0,2015,10,10,2
83,2015-10-29,ETH,1.01,1.21,0.9473739999999999,1.21,2279240.0,74675600.0,2015,10,10,3
84,2015-10-30,ETH,1.21,1.35,0.96816,1.04,2429200.0,89857400.0,2015,10,10,4
85,2015-10-31,ETH,1.05,1.06,0.9001709999999999,0.9166270000000001,673892.0,77800304.0,2015,10,10,5
86,2015-11-01,ETH,0.920847,1.08,0.8990819999999999,1.06,588913.0,68477200.0,2015,11,11,6
87,2015-11-02,ETH,1.06,1.1,0.9536469999999999,0.9897889999999999,1145200.0,78701400.0,2015,11,11,0
88,2015-11-03,ETH,0.994568,1.07,0.936615,1.01,1907690.0,74010000.0,2015,11,11,1
89,2015-11-04,ETH,1.01,1.04,0.725665,0.89905,3060340.0,75232400.0,2015,11,11,2
90,2015-11-05,ETH,0.900699,0.991259,0.860382,0.8956370000000001,1179840.0,67070700.0,2015,11,11,3
91,2015-11-06,ETH,0.9047719999999999,0.989848,0.852929,0.926032,913666.0,67397104.0,2015,11,11,4
92,2015-11-07,ETH,0.923732,0.943787,0.863539,0.927974,890187.0,68833200.0,2015,11,11,5
93,2015-11-08,ETH,0.9156610000000001,1.03,0.9156610000000001,1.03,1021460.0,68254304.0,2015,11,11,6
94,2015-11-09,ETH,1.03,1.11,0.945263,0.9992780000000001,2045290.0,76991800.0,2015,11,11,0
95,2015-11-10,ETH,1.0,1.05,0.920968,0.934348,854581.0,74685296.0,2015,11,11,1
96,2015-11-11,ETH,0.9412959999999999,0.9452780000000001,0.729775,0.791829,1278580.0,70236200.0,2015,11,11,2
97,2015-11-12,ETH,0.796455,0.913919,0.76351,0.895711,806156.0,59448700.0,2015,11,11,3
98,2015-11-13,ETH,0.9077219999999999,0.917309,0.846023,0.9040959999999999,543671.0,67777000.0,2015,11,11,4
99,2015-11-14,ETH,0.9054690000000001,0.906113,0.876908,0.888812,372514.0,67631904.0,2015,11,11,5
100,2015-11-15,ETH,0.891217,0.921516,0.874957,0.9063680000000001,411848.0,66590200.0,2015,11,11,6
101,2015-11-16,ETH,0.906166,0.944732,0.891971,0.9289620000000001,620945.0,67730704.0,2015,11,11,0
102,2015-11-17,ETH,0.924948,1.03,0.9057940000000001,1.01,1145440.0,69157904.0,2015,11,11,1
103,2015-11-18,ETH,0.9932139999999999,1.01,0.940516,0.9933190000000001,681104.0,74287696.0,2015,11,11,2
104,2015-11-19,ETH,0.988713,1.01,0.9374979999999999,0.9555319999999999,443528.0,73976096.0,2015,11,11,3
105,2015-11-20,ETH,0.955735,0.955735,0.898576,0.9249200000000001,614335.0,71532496.0,2015,11,11,4
106,2015-11-21,ETH,0.928758,0.978743,0.92094,0.97614,455976.0,69535296.0,2015,11,11,5
107,2015-11-22,ETH,0.979765,0.984132,0.958982,0.968018,372173.0,73378800.0,2015,11,11,6
108,2015-11-23,ETH,0.967493,0.969057,0.9338700000000001,0.9469690000000001,441875.0,72484200.0,2015,11,11,0
109,2015-11-24,ETH,0.946442,0.948055,0.8959309999999999,0.900191,524195.0,70931104.0,2015,11,11,1
110,2015-11-25,ETH,0.893827,0.899493,0.8511059999999999,0.8635370000000001,622991.0,67010200.0,2015,11,11,2
111,2015-11-26,ETH,0.863273,0.903643,0.8043600000000001,0.8841829999999999,947473.0,64740900.0,2015,11,11,3
112,2015-11-27,ETH,0.8821,0.900051,0.8606950000000001,0.867951,403813.0,66174600.0,2015,11,11,4
113,2015-11-28,ETH,0.868102,0.929293,0.8621219999999999,0.915703,462464.0,65147000.0,2015,11,11,5
114,2015-11-29,ETH,0.9141440000000001,0.9141530000000001,0.860533,0.8786139999999999,448358.0,68625104.0,2015,11,11,6
115,2015-11-30,ETH,0.879951,0.8950540000000001,0.8476959999999999,0.8731190000000001,784439.0,66080400.0,2015,11,11,0
116,2015-12-01,ETH,0.878316,0.8867360000000001,0.8539370000000001,0.8748,652857.0,65980000.0,2015,12,12,1
117,2015-12-02,ETH,0.8731709999999999,0.878017,0.818924,0.82121,506307.0,65615700.0,2015,12,12,2
118,2015-12-03,ETH,0.818546,0.837664,0.785086,0.8121430000000001,539969.0,61530500.0,2015,12,12,3
119,2015-12-04,ETH,0.812082,0.859575,0.802373,0.840041,241278.0,61065700.0,2015,12,12,4
120,2015-12-05,ETH,0.841195,0.872821,0.8244440000000001,0.8624379999999999,232743.0,63276000.0,2015,12,12,5
121,2015-12-06,ETH,0.866417,0.8824360000000001,0.8331149999999999,0.8355,443608.0,65194900.0,2015,12,12,6
122,2015-12-07,ETH,0.8363219999999999,0.850791,0.78765,0.811264,520409.0,62950900.0,2015,12,12,0
123,2015-12-08,ETH,0.806024,0.8236450000000001,0.782328,0.822118,445903.0,60690400.0,2015,12,12,1
124,2015-12-09,ETH,0.8244540000000001,0.8244540000000001,0.7704880000000001,0.792167,624221.0,62098400.0,2015,12,12,2
125,2015-12-10,ETH,0.7955899999999999,0.86159,0.787291,0.8403959999999999,369589.0,59945000.0,2015,12,12,3
126,2015-12-11,ETH,0.839995,0.9297620000000001,0.819789,0.9297620000000001,801072.0,63312400.0,2015,12,12,4
127,2015-12-12,ETH,0.9311959999999999,1.05,0.9285459999999999,0.976973,1376280.0,70210000.0,2015,12,12,5
128,2015-12-13,ETH,0.9715379999999999,0.989394,0.9374379999999999,0.9528840000000001,273614.0,73276400.0,2015,12,12,6
129,2015-12-14,ETH,0.95662,1.01,0.9501780000000001,0.993022,563436.0,72176400.0,2015,12,12,0
130,2015-12-15,ETH,0.9905889999999999,1.03,0.98224,1.01,578618.0,74764096.0,2015,12,12,1
131,2015-12-16,ETH,1.02,1.02,0.9749270000000001,0.991182,320767.0,76791600.0,2015,12,12,2
132,2015-12-17,ETH,0.993043,0.997611,0.9118069999999999,0.940701,640765.0,74999296.0,2015,12,12,3
133,2015-12-18,ETH,0.938327,0.939493,0.9080809999999999,0.920127,300787.0,70890600.0,2015,12,12,4
134,2015-12-19,ETH,0.921524,0.925874,0.888916,0.9080719999999999,343535.0,69644200.0,2015,12,12,5
135,2015-12-20,ETH,0.9082399999999999,0.943185,0.8994409999999999,0.903885,472164.0,68663104.0,2015,12,12,6
136,2015-12-21,ETH,0.906065,0.9173899999999999,0.8911819999999999,0.9007709999999999,549113.0,68521200.0,2015,12,12,0
137,2015-12-22,ETH,0.8949729999999999,0.9095260000000001,0.862059,0.864202,454249.0,67704600.0,2015,12,12,1
138,2015-12-23,ETH,0.8617819999999999,0.88294,0.856065,0.8580770000000001,334993.0,65215800.0,2015,12,12,2
139,2015-12-24,ETH,0.859433,0.882818,0.8476,0.8632620000000001,354646.0,65060000.0,2015,12,12,3
140,2015-12-25,ETH,0.861993,0.8825559999999999,0.861993,0.8703629999999999,187114.0,65275400.0,2015,12,12,4
141,2015-12-26,ETH,0.870766,0.8974530000000001,0.8383139999999999,0.8546030000000001,425282.0,65961900.0,2015,12,12,5
142,2015-12-27,ETH,0.853166,0.8615379999999999,0.841151,0.8563649999999999,164565.0,64650000.0,2015,12,12,6
143,2015-12-28,ETH,0.8563559999999999,0.872394,0.832932,0.8450049999999999,235134.0,64913200.0,2015,12,12,0
144,2015-12-29,ETH,0.843835,0.8730540000000001,0.833232,0.8730540000000001,215742.0,63985600.0,2015,12,12,1
145,2015-12-30,ETH,0.874258,0.941099,0.866647,0.911958,604078.0,66314200.0,2015,12,12,2
146,2015-12-31,ETH,0.912098,0.9754139999999999,0.910277,0.933542,663994.0,69207400.0,2015,12,12,3
147,2016-01-01,ETH,0.9337120000000001,0.954822,0.931442,0.948024,206062.0,70870896.0,2016,1,1,4
148,2016-01-02,ETH,0.947401,0.9696370000000001,0.9365600000000001,0.937124,255504.0,71933104.0,2016,1,1,5
149,2016-01-03,ETH,0.9384299999999999,0.9913620000000001,0.934313,0.9719049999999999,407632.0,71275904.0,2016,1,1,6
150,2016-01-04,ETH,0.972045,0.9764379999999999,0.9298350000000001,0.9544799999999999,346245.0,73853904.0,2016,1,1,0
151,2016-01-05,ETH,0.953147,0.9705969999999999,0.946543,0.950176,219833.0,72442400.0,2016,1,1,1
152,2016-01-06,ETH,0.9500280000000001,0.960659,0.935708,0.95086,308791.0,72229696.0,2016,1,1,2
153,2016-01-07,ETH,0.955801,0.9746229999999999,0.9358299999999999,0.942005,647462.0,72692896.0,2016,1,1,3
154,2016-01-08,ETH,0.942752,0.991825,0.939715,0.9867889999999999,545600.0,71724000.0,2016,1,1,4
155,2016-01-09,ETH,0.9855010000000001,0.992345,0.9736,0.986833,226281.0,75001800.0,2016,1,1,5
156,2016-01-10,ETH,0.985557,1.0,0.9750989999999999,0.999231,390888.0,75031200.0,2016,1,1,6
157,2016-01-11,ETH,0.999216,1.07,0.999216,1.06,1011920.0,76096496.0,2016,1,1,0
158,2016-01-12,ETH,1.07,1.28,1.05,1.14,2898760.0,81217296.0,2016,1,1,1
159,2016-01-13,ETH,1.14,1.15,1.08,1.13,1005910.0,86530000.0,2016,1,1,2
160,2016-01-14,ETH,1.12,1.19,1.1,1.19,751961.0,85539296.0,2016,1,1,3
161,2016-01-15,ETH,1.18,1.32,1.14,1.21,3910550.0,90321696.0,2016,1,1,4
162,2016-01-16,ETH,1.22,1.31,1.17,1.22,2462630.0,93099400.0,2016,1,1,5
163,2016-01-17,ETH,1.22,1.33,1.21,1.33,1171150.0,93207296.0,2016,1,1,6
164,2016-01-18,ETH,1.33,1.54,1.32,1.43,4278930.0,101699000.0,2016,1,1,0
165,2016-01-19,ETH,1.42,1.46,1.31,1.37,2446740.0,108628000.0,2016,1,1,1
166,2016-01-20,ETH,1.36,1.62,1.35,1.53,2933220.0,104124000.0,2016,1,1,2
167,2016-01-21,ETH,1.53,1.59,1.49,1.55,1614960.0,117111000.0,2016,1,1,3
168,2016-01-22,ETH,1.55,1.58,1.47,1.5,1567240.0,118244000.0,2016,1,1,4
169,2016-01-23,ETH,1.5,2.03,1.5,1.97,7370980.0,115002000.0,2016,1,1,5
170,2016-01-24,ETH,1.9,2.3,1.9,2.14,9669770.0,145358000.0,2016,1,1,6
171,2016-01-25,ETH,2.15,2.66,2.06,2.5,10739300.0,164312992.0,2016,1,1,0
172,2016-01-26,ETH,2.53,2.84,1.99,2.28,13939200.0,193838000.0,2016,1,1,1
173,2016-01-27,ETH,2.25,2.59,2.19,2.39,6961080.0,172060992.0,2016,1,1,2
174,2016-01-28,ETH,2.41,2.68,2.34,2.53,4903850.0,184294000.0,2016,1,1,3
175,2016-01-29,ETH,2.54,2.61,2.3,2.49,6662340.0,194815008.0,2016,1,1,4
176,2016-01-30,ETH,2.51,2.61,2.4,2.45,3725080.0,192176000.0,2016,1,1,5
177,2016-01-31,ETH,2.44,2.53,2.19,2.31,5847500.0,187288992.0,2016,1,1,6
178,2016-02-01,ETH,2.32,2.32,2.12,2.21,3994100.0,177880992.0,2016,2,2,0
179,2016-02-02,ETH,2.22,2.45,2.16,2.44,3451270.0,169923008.0,2016,2,2,1
180,2016-02-03,ETH,2.43,2.54,2.34,2.53,3987750.0,186608992.0,2016,2,2,2
181,2016-02-04,ETH,2.53,2.63,2.44,2.58,3552320.0,194126000.0,2016,2,2,3
182,2016-02-05,ETH,2.57,2.61,2.47,2.54,2636700.0,197363008.0,2016,2,2,4
183,2016-02-06,ETH,2.53,2.56,2.47,2.53,1921240.0,194620992.0,2016,2,2,5
184,2016-02-07,ETH,2.54,3.06,2.54,2.96,7007060.0,194884000.0,2016,2,2,6
185,2016-02-08,ETH,2.97,3.27,2.88,3.18,9725690.0,228504000.0,2016,2,2,0
186,2016-02-09,ETH,3.17,4.04,3.17,4.04,17954000.0,244110000.0,2016,2,2,1
187,2016-02-10,ETH,4.0,4.86,3.78,4.44,28640400.0,307684000.0,2016,2,2,2
188,2016-02-11,ETH,4.5,6.29,4.34,6.01,26408200.0,345964000.0,2016,2,2,3
189,2016-02-12,ETH,5.95,6.58,5.07,5.55,23360800.0,457617984.0,2016,2,2,4
190,2016-02-13,ETH,5.69,5.72,4.19,5.39,24218800.0,437667008.0,2016,2,2,5
191,2016-02-14,ETH,5.4,5.47,4.45,5.24,11226500.0,416192992.0,2016,2,2,6
192,2016-02-15,ETH,5.33,5.89,5.02,5.29,13934200.0,410643008.0,2016,2,2,0
193,2016-02-16,ETH,5.33,5.47,4.03,4.32,15889100.0,410604992.0,2016,2,2,1
194,2016-02-17,ETH,4.29,4.77,3.5,3.76,15451000.0,330635008.0,2016,2,2,2
195,2016-02-18,ETH,3.77,4.77,3.42,4.4,17054000.0,291068000.0,2016,2,2,3
196,2016-02-19,ETH,4.38,4.79,4.27,4.74,7666320.0,338222016.0,2016,2,2,4
197,2016-02-20,ETH,4.68,4.75,4.13,4.34,8631090.0,361280992.0,2016,2,2,5
198,2016-02-21,ETH,4.36,4.71,4.23,4.65,6413550.0,336572000.0,2016,2,2,6
199,2016-02-22,ETH,4.66,5.65,4.64,5.62,15056200.0,360184992.0,2016,2,2,0
200,2016-02-23,ETH,5.68,5.95,5.39,5.59,13380600.0,439084000.0,2016,2,2,1
201,2016-02-24,ETH,5.6,6.24,5.51,6.24,11426500.0,432976992.0,2016,2,2,2
202,2016-02-25,ETH,6.19,6.65,5.55,6.1,21471800.0,478148992.0,2016,2,2,3
203,2016-02-26,ETH,6.04,6.27,5.74,5.92,9526860.0,466796992.0,2016,2,2,4
204,2016-02-27,ETH,5.96,6.53,5.92,6.43,8903210.0,461168992.0,2016,2,2,5
205,2016-02-28,ETH,6.41,6.62,6.24,6.47,9851660.0,495544992.0,2016,2,2,6
206,2016-02-29,ETH,6.46,6.61,6.05,6.34,7648020.0,499587008.0,2016,2,2,0
207,2016-03-01,ETH,6.32,7.91,6.31,7.65,23098100.0,489188000.0,2016,3,3,1
208,2016-03-02,ETH,7.63,8.75,7.37,8.47,29130200.0,591078016.0,2016,3,3,2
209,2016-03-03,ETH,8.44,10.1,8.33,9.29,40314900.0,653958976.0,2016,3,3,3
210,2016-03-04,ETH,9.24,10.41,8.48,10.41,35520100.0,716027008.0,2016,3,3,4
211,2016-03-05,ETH,10.37,12.27,9.97,11.0,56439600.0,803827008.0,2016,3,3,5
212,2016-03-06,ETH,11.2,11.84,9.99,11.38,39112000.0,868736000.0,2016,3,3,6
213,2016-03-07,ETH,11.43,11.65,9.31,9.55,34085100.0,886446976.0,2016,3,3,0
214,2016-03-08,ETH,9.58,10.17,8.82,9.85,25524300.0,743456000.0,2016,3,3,1
215,2016-03-09,ETH,9.79,12.05,9.67,11.9,27540500.0,760017024.0,2016,3,3,2
216,2016-03-10,ETH,11.88,12.24,10.99,11.31,26851500.0,922451968.0,2016,3,3,3
217,2016-03-11,ETH,11.22,11.6,10.39,11.08,21002700.0,871510976.0,2016,3,3,4
218,2016-03-12,ETH,11.13,13.53,11.09,13.53,48957300.0,864732992.0,2016,3,3,5
219,2016-03-13,ETH,13.51,15.26,13.47,14.48,43915100.0,1049929984.0,2016,3,3,6
220,2016-03-14,ETH,14.51,15.01,11.58,12.45,58385100.0,1128179968.0,2016,3,3,0
221,2016-03-15,ETH,13.0,13.2,12.05,13.01,28404500.0,1011089984.0,2016,3,3,1
222,2016-03-16,ETH,13.02,13.73,12.5,12.52,24335500.0,1013020032.0,2016,3,3,2
223,2016-03-17,ETH,12.56,12.64,10.44,11.08,41650600.0,977388992.0,2016,3,3,3
224,2016-03-18,ETH,11.11,11.18,8.52,11.0,53956800.0,867948992.0,2016,3,3,4
225,2016-03-19,ETH,11.2,11.2,9.78,10.53,26735700.0,875689024.0,2016,3,3,5
226,2016-03-20,ETH,10.52,10.9,9.57,10.32,17651100.0,822297024.0,2016,3,3,6
227,2016-03-21,ETH,10.3,12.01,10.16,11.86,28572600.0,805996992.0,2016,3,3,0
228,2016-03-22,ETH,11.88,12.03,11.18,11.27,19730300.0,929609984.0,2016,3,3,1
229,2016-03-23,ETH,11.33,12.43,11.24,12.42,19353200.0,887595008.0,2016,3,3,2
230,2016-03-24,ETH,12.44,12.5,10.8,11.23,26081800.0,975294976.0,2016,3,3,3
231,2016-03-25,ETH,11.26,11.37,10.53,10.74,13782000.0,883011968.0,2016,3,3,4
232,2016-03-26,ETH,10.77,11.18,10.59,10.97,9425480.0,844742016.0,2016,3,3,5
233,2016-03-27,ETH,10.99,11.05,10.11,10.42,16744800.0,862211008.0,2016,3,3,6
234,2016-03-28,ETH,10.43,11.86,10.41,11.67,23188300.0,819006976.0,2016,3,3,0
235,2016-03-29,ETH,11.75,11.91,11.35,11.66,17684200.0,923113984.0,2016,3,3,1
236,2016-03-30,ETH,11.61,12.18,11.47,11.95,19351200.0,911902016.0,2016,3,3,2
237,2016-03-31,ETH,11.92,12.01,11.32,11.4,14966700.0,936992000.0,2016,3,3,3
238,2016-04-01,ETH,11.4,11.85,11.4,11.66,11373100.0,896537024.0,2016,4,4,4
239,2016-04-02,ETH,11.63,11.69,11.4,11.6,8682620.0,914995008.0,2016,4,4,5
240,2016-04-03,ETH,11.63,11.71,11.51,11.62,5580550.0,915174976.0,2016,4,4,6
241,2016-04-04,ETH,11.62,11.62,11.02,11.16,9599070.0,914560000.0,2016,4,4,0
242,2016-04-05,ETH,11.21,11.21,10.13,10.44,20557300.0,883169984.0,2016,4,4,1
243,2016-04-06,ETH,10.45,10.97,10.28,10.69,16997100.0,823420032.0,2016,4,4,2
244,2016-04-07,ETH,10.7,10.81,9.95,10.07,13464500.0,843091008.0,2016,4,4,3
245,2016-04-08,ETH,10.08,10.39,9.66,9.72,14660600.0,794705024.0,2016,4,4,4
246,2016-04-09,ETH,9.69,10.09,9.07,9.15,16194800.0,764796992.0,2016,4,4,5
247,2016-04-10,ETH,9.15,9.22,7.46,8.94,42613400.0,722132992.0,2016,4,4,6
248,2016-04-11,ETH,8.94,8.95,8.0,8.64,15138100.0,706073984.0,2016,4,4,0
249,2016-04-12,ETH,8.64,8.64,7.15,7.44,23190100.0,682395008.0,2016,4,4,1
250,2016-04-13,ETH,7.44,8.72,7.07,8.04,31403300.0,587993984.0,2016,4,4,2
251,2016-04-14,ETH,8.08,8.76,8.02,8.39,13590700.0,638329984.0,2016,4,4,3
252,2016-04-15,ETH,8.39,8.62,8.1,8.24,12179000.0,663169024.0,2016,4,4,4
253,2016-04-16,ETH,8.24,8.65,8.11,8.61,9888460.0,651553984.0,2016,4,4,5
254,2016-04-17,ETH,8.62,9.7,8.56,9.31,24619600.0,682467008.0,2016,4,4,6
255,2016-04-18,ETH,9.33,9.51,8.5,9.04,21084100.0,738915968.0,2016,4,4,0
256,2016-04-19,ETH,9.08,9.31,8.6,8.71,12899100.0,718825024.0,2016,4,4,1
257,2016-04-20,ETH,8.69,8.83,8.31,8.47,15634700.0,688433984.0,2016,4,4,2
258,2016-04-21,ETH,8.45,8.72,7.96,8.1,13355400.0,670104000.0,2016,4,4,3
259,2016-04-22,ETH,8.15,8.27,7.67,7.82,13309300.0,646297984.0,2016,4,4,4
260,2016-04-23,ETH,7.79,8.55,7.74,8.29,14565200.0,618147008.0,2016,4,4,5
261,2016-04-24,ETH,8.29,8.47,7.96,8.0,10786400.0,658203008.0,2016,4,4,6
262,2016-04-25,ETH,8.01,8.09,7.24,7.55,18239900.0,635784000.0,2016,4,4,0
263,2016-04-26,ETH,7.53,7.55,7.06,7.4,17667300.0,597819008.0,2016,4,4,1
264,2016-04-27,ETH,7.39,7.97,7.32,7.76,19254500.0,587075968.0,2016,4,4,2
265,2016-04-28,ETH,7.74,7.91,7.17,7.17,11576000.0,615315968.0,2016,4,4,3
266,2016-04-29,ETH,7.21,7.73,7.17,7.46,8762080.0,573123968.0,2016,4,4,4
267,2016-04-30,ETH,7.45,9.37,7.45,8.81,36573300.0,592992000.0,2016,4,4,5
268,2016-05-01,ETH,8.78,9.01,8.43,8.85,16713800.0,698377024.0,2016,5,5,6
269,2016-05-02,ETH,8.89,10.32,8.85,10.16,41019200.0,708137024.0,2016,5,5,0
270,2016-05-03,ETH,10.17,10.17,9.28,9.31,21463900.0,809644032.0,2016,5,5,1
271,2016-05-04,ETH,9.38,10.03,9.27,9.41,17622400.0,747638016.0,2016,5,5,2
272,2016-05-05,ETH,9.4,10.05,9.29,9.83,18296200.0,749038016.0,2016,5,5,3
273,2016-05-06,ETH,9.81,9.95,9.04,9.35,21510600.0,782260992.0,2016,5,5,4
274,2016-05-07,ETH,9.32,9.48,9.21,9.37,10806500.0,743166016.0,2016,5,5,5
275,2016-05-08,ETH,9.37,9.6,8.93,9.48,15031000.0,748030016.0,2016,5,5,6
276,2016-05-09,ETH,9.49,9.64,9.2,9.3,13085300.0,758000000.0,2016,5,5,0
277,2016-05-10,ETH,9.28,9.48,9.26,9.36,9321790.0,741417024.0,2016,5,5,1
278,2016-05-11,ETH,9.43,10.01,9.39,10.0,15267500.0,753600000.0,2016,5,5,2
279,2016-05-12,ETH,10.0,10.51,9.86,10.06,24137700.0,798952000.0,2016,5,5,3
280,2016-05-13,ETH,10.06,11.05,10.02,10.51,31276900.0,804646976.0,2016,5,5,4
281,2016-05-14,ETH,10.51,10.61,9.81,10.24,18808000.0,840395008.0,2016,5,5,5
282,2016-05-15,ETH,10.24,10.44,9.93,9.96,9218400.0,819398976.0,2016,5,5,6
283,2016-05-16,ETH,9.97,11.44,9.97,11.17,29079900.0,798115968.0,2016,5,5,0
284,2016-05-17,ETH,11.19,12.49,11.15,12.2,37198700.0,896505024.0,2016,5,5,1
285,2016-05-18,ETH,12.18,14.26,12.18,13.56,65389900.0,975878016.0,2016,5,5,2
286,2016-05-19,ETH,13.54,14.87,13.34,14.77,53757500.0,1085570048.0,2016,5,5,3
287,2016-05-20,ETH,14.85,15.05,13.38,13.64,50544100.0,1191079936.0,2016,5,5,4
288,2016-05-21,ETH,13.69,14.05,13.12,14.02,24648400.0,1098220032.0,2016,5,5,5
289,2016-05-22,ETH,14.04,14.35,13.77,14.29,17938900.0,1126809984.0,2016,5,5,6
290,2016-05-23,ETH,14.28,14.49,13.19,13.46,23842800.0,1146470016.0,2016,5,5,0
291,2016-05-24,ETH,13.31,13.77,12.01,12.73,41560600.0,1068670016.0,2016,5,5,1
292,2016-05-25,ETH,12.79,12.9,11.77,12.53,27444700.0,1027939968.0,2016,5,5,2
293,2016-05-26,ETH,12.52,12.99,12.06,12.43,20764000.0,1006080000.0,2016,5,5,3
294,2016-05-27,ETH,12.39,12.39,10.5,11.3,57496400.0,996292992.0,2016,5,5,4
295,2016-05-28,ETH,11.33,12.36,10.37,11.89,47274800.0,911724032.0,2016,5,5,5
296,2016-05-29,ETH,12.11,12.69,11.78,12.35,28598400.0,974784000.0,2016,5,5,6
297,2016-05-30,ETH,12.33,12.88,12.27,12.73,14733800.0,992329024.0,2016,5,5,0
298,2016-05-31,ETH,12.74,14.27,12.64,14.08,42433400.0,1026409984.0,2016,5,5,1
299,2016-06-01,ETH,14.11,14.32,13.44,14.0,22471300.0,1136899968.0,2016,6,6,2
300,2016-06-02,ETH,13.99,14.05,13.63,13.74,10477200.0,1127830016.0,2016,6,6,3
301,2016-06-03,ETH,13.74,13.87,13.25,13.85,22981500.0,1108220032.0,2016,6,6,4
302,2016-06-04,ETH,13.86,13.95,13.42,13.74,15792400.0,1118460032.0,2016,6,6,5
303,2016-06-05,ETH,13.76,14.07,13.57,13.98,11088400.0,1110690048.0,2016,6,6,6
304,2016-06-06,ETH,14.0,14.06,13.73,13.93,8720400.0,1130349952.0,2016,6,6,0
305,2016-06-07,ETH,13.95,14.51,13.81,14.51,21421600.0,1126329984.0,2016,6,6,1
306,2016-06-08,ETH,14.51,14.78,14.28,14.42,16941800.0,1172230016.0,2016,6,6,2
307,2016-06-09,ETH,14.43,14.57,14.34,14.4,8256830.0,1166450048.0,2016,6,6,3
308,2016-06-10,ETH,14.38,14.43,13.82,13.91,11312900.0,1162499968.0,2016,6,6,4
309,2016-06-11,ETH,13.91,14.19,13.72,14.19,12176500.0,1125180032.0,2016,6,6,5
310,2016-06-12,ETH,14.19,15.9,14.19,15.74,38210300.0,1148070016.0,2016,6,6,6
311,2016-06-13,ETH,15.77,17.64,15.72,17.6,38023400.0,1276930048.0,2016,6,6,0
312,2016-06-14,ETH,17.61,19.27,17.3,18.89,64412200.0,1426499968.0,2016,6,6,1
313,2016-06-15,ETH,18.91,18.91,17.71,18.35,19393400.0,1531789952.0,2016,6,6,2
314,2016-06-16,ETH,18.36,20.83,18.36,20.59,38531000.0,1488419968.0,2016,6,6,3
315,2016-06-17,ETH,20.65,21.52,13.57,15.38,199408000.0,1674540032.0,2016,6,6,4
316,2016-06-18,ETH,15.38,15.38,9.96,11.33,133937000.0,1247529984.0,2016,6,6,5
317,2016-06-19,ETH,11.17,13.18,10.64,12.23,69783600.0,906291968.0,2016,6,6,6
318,2016-06-20,ETH,12.24,12.45,10.52,11.84,58143600.0,993502976.0,2016,6,6,0
319,2016-06-21,ETH,11.82,13.42,11.29,13.31,69245600.0,960014016.0,2016,6,6,1
320,2016-06-22,ETH,13.2,15.79,13.1,13.1,96994096.0,1072510016.0,2016,6,6,2
321,2016-06-23,ETH,13.22,13.79,12.56,13.68,30806400.0,1074240000.0,2016,6,6,3
322,2016-06-24,ETH,13.68,14.57,13.22,14.33,33332900.0,1112589952.0,2016,6,6,4
323,2016-06-25,ETH,14.3,14.58,14.02,14.28,15383100.0,1163529984.0,2016,6,6,5
324,2016-06-26,ETH,14.26,14.37,13.66,13.85,14747600.0,1160589952.0,2016,6,6,6
325,2016-06-27,ETH,13.81,14.12,13.75,13.88,10994700.0,1124169984.0,2016,6,6,0
326,2016-06-28,ETH,13.93,13.98,11.72,12.18,43436600.0,1134339968.0,2016,6,6,1
327,2016-06-29,ETH,12.17,13.04,11.69,12.61,26982800.0,991926016.0,2016,6,6,2
328,2016-06-30,ETH,12.6,12.74,12.25,12.46,15801300.0,1027260032.0,2016,6,6,3
329,2016-07-01,ETH,12.44,12.49,11.73,12.2,17236500.0,1014220032.0,2016,7,7,4
330,2016-07-02,ETH,12.22,12.22,11.95,12.13,8987070.0,996510016.0,2016,7,7,5
331,2016-07-03,ETH,12.12,12.15,11.59,11.72,10588700.0,989132032.0,2016,7,7,6
332,2016-07-04,ETH,11.7,11.88,11.39,11.47,12943500.0,954849024.0,2016,7,7,0
333,2016-07-05,ETH,11.46,11.52,9.58,10.61,45526900.0,935729984.0,2016,7,7,1
334,2016-07-06,ETH,10.58,11.11,10.28,10.53,18137300.0,864062976.0,2016,7,7,2
335,2016-07-07,ETH,10.54,10.57,9.8,10.11,15407200.0,861144000.0,2016,7,7,3
336,2016-07-08,ETH,10.12,11.52,9.96,11.39,20039800.0,827089984.0,2016,7,7,4
337,2016-07-09,ETH,11.42,11.46,10.73,10.97,17254800.0,933945984.0,2016,7,7,5
338,2016-07-10,ETH,10.96,11.01,10.78,10.95,5479240.0,896899008.0,2016,7,7,6
339,2016-07-11,ETH,10.94,11.01,10.26,10.46,13098000.0,895670016.0,2016,7,7,0
340,2016-07-12,ETH,10.45,10.76,10.43,10.52,11127700.0,855555008.0,2016,7,7,1
341,2016-07-13,ETH,10.51,10.59,10.4,10.5,6715660.0,860769984.0,2016,7,7,2
342,2016-07-14,ETH,10.6,11.68,10.6,11.51,23621900.0,868508992.0,2016,7,7,3
343,2016-07-15,ETH,11.5,12.43,11.49,11.95,26838900.0,942817024.0,2016,7,7,4
344,2016-07-16,ETH,11.92,11.94,11.59,11.65,10445700.0,977657984.0,2016,7,7,5
345,2016-07-17,ETH,11.62,11.67,11.01,11.16,17921600.0,953761984.0,2016,7,7,6
346,2016-07-18,ETH,11.17,11.61,10.95,11.03,15931900.0,917150976.0,2016,7,7,0
347,2016-07-19,ETH,11.05,12.01,11.01,11.62,21730000.0,907134976.0,2016,7,7,1
348,2016-07-20,ETH,11.59,12.99,11.57,12.45,60226100.0,952142976.0,2016,7,7,2
349,2016-07-21,ETH,12.46,12.71,11.99,12.65,24636900.0,1024000000.0,2016,7,7,3
350,2016-07-22,ETH,12.66,14.81,12.54,14.66,74779504.0,1040640000.0,2016,7,7,4
351,2016-07-23,ETH,14.67,14.9,14.05,14.3,32489700.0,1206189952.0,2016,7,7,5
352,2016-07-24,ETH,14.3,14.44,12.32,12.75,77750800.0,1176249984.0,2016,7,7,6
353,2016-07-25,ETH,12.74,13.86,12.68,13.84,36673800.0,1048920000.0,2016,7,7,0
354,2016-07-26,ETH,13.82,13.85,11.73,11.99,94428800.0,1137660032.0,2016,7,7,1
355,2016-07-27,ETH,12.05,13.31,11.84,12.97,58278800.0,992644992.0,2016,7,7,2
356,2016-07-28,ETH,12.98,12.99,12.49,12.84,24603900.0,1069560000.0,2016,7,7,3
357,2016-07-29,ETH,12.84,12.87,12.55,12.79,14082300.0,1058220032.0,2016,7,7,4
358,2016-07-30,ETH,12.8,12.8,12.46,12.46,9047810.0,1055409984.0,2016,7,7,5
359,2016-07-31,ETH,12.44,12.51,11.55,11.88,25441400.0,1026310016.0,2016,7,7,6
360,2016-08-01,ETH,11.89,12.01,10.94,10.94,23999500.0,981734976.0,2016,8,8,0
361,2016-08-02,ETH,10.95,11.14,8.2,8.79,88803296.0,903977984.0,2016,8,8,1
362,2016-08-03,ETH,8.88,10.42,8.88,10.29,53979400.0,733203968.0,2016,8,8,2
363,2016-08-04,ETH,10.31,11.29,10.16,11.04,38151400.0,851992000.0,2016,8,8,3
364,2016-08-05,ETH,11.02,11.18,10.76,10.93,15487900.0,910856000.0,2016,8,8,4
365,2016-08-06,ETH,10.92,10.94,10.29,10.88,16712600.0,902752000.0,2016,8,8,5
366,2016-08-07,ETH,10.86,11.09,10.78,10.91,16551000.0,898339968.0,2016,8,8,6
367,2016-08-08,ETH,10.91,11.33,10.86,11.25,14956700.0,903184000.0,2016,8,8,0
368,2016-08-09,ETH,11.27,12.45,11.2,12.24,36656600.0,933430976.0,2016,8,8,1
369,2016-08-10,ETH,12.23,12.46,11.98,12.14,28096300.0,1012910016.0,2016,8,8,2
370,2016-08-11,ETH,12.14,12.27,11.63,11.69,17505000.0,1005720000.0,2016,8,8,3
371,2016-08-12,ETH,11.69,12.04,11.64,11.78,13690100.0,968865024.0,2016,8,8,4
372,2016-08-13,ETH,11.77,11.79,11.51,11.57,7539490.0,975998976.0,2016,8,8,5
373,2016-08-14,ETH,11.58,11.69,11.1,11.19,8680160.0,960854976.0,2016,8,8,6
374,2016-08-15,ETH,11.2,11.31,11.0,11.22,7500840.0,929558016.0,2016,8,8,0
375,2016-08-16,ETH,11.23,11.24,11.0,11.14,7051510.0,932161984.0,2016,8,8,1
376,2016-08-17,ETH,11.13,11.15,10.75,10.75,8833760.0,924590976.0,2016,8,8,2
377,2016-08-18,ETH,10.75,11.01,10.74,10.76,6935800.0,892902976.0,2016,8,8,3
378,2016-08-19,ETH,10.75,10.8,10.73,10.75,5390850.0,893155968.0,2016,8,8,4
379,2016-08-20,ETH,10.75,11.3,10.75,11.25,7443540.0,893814016.0,2016,8,8,5
380,2016-08-21,ETH,11.25,11.25,10.99,11.18,4355660.0,936014976.0,2016,8,8,6
381,2016-08-22,ETH,11.19,11.34,11.07,11.12,6588920.0,930707968.0,2016,8,8,0
382,2016-08-23,ETH,11.14,11.23,10.9,11.03,6489380.0,927065024.0,2016,8,8,1
383,2016-08-24,ETH,11.02,11.15,11.01,11.04,4423420.0,918038976.0,2016,8,8,2
384,2016-08-25,ETH,11.03,11.39,11.02,11.36,8552380.0,918977024.0,2016,8,8,3
385,2016-08-26,ETH,11.35,11.45,11.21,11.3,5857850.0,946092032.0,2016,8,8,4
386,2016-08-27,ETH,11.29,11.29,11.14,11.15,15108400.0,941585024.0,2016,8,8,5
387,2016-08-28,ETH,11.15,11.15,10.92,10.93,5303040.0,929689984.0,2016,8,8,6
388,2016-08-29,ETH,10.92,11.15,10.79,10.98,8130540.0,910697984.0,2016,8,8,0
389,2016-08-30,ETH,10.99,11.3,10.96,11.23,7221260.0,917473984.0,2016,8,8,1
390,2016-08-31,ETH,11.24,11.68,11.18,11.67,11073700.0,938406016.0,2016,8,8,2
391,2016-09-01,ETH,11.67,12.58,11.65,11.99,24051500.0,974844032.0,2016,9,9,3
392,2016-09-02,ETH,11.96,12.31,11.88,12.11,9368300.0,999756992.0,2016,9,9,4
393,2016-09-03,ETH,12.11,12.36,11.35,11.76,13358800.0,1012579968.0,2016,9,9,5
394,2016-09-04,ETH,11.75,11.79,11.47,11.68,7220550.0,982952000.0,2016,9,9,6
395,2016-09-05,ETH,11.68,11.81,11.59,11.72,5724100.0,977169024.0,2016,9,9,0
396,2016-09-06,ETH,11.73,11.73,11.47,11.69,6346330.0,981302976.0,2016,9,9,1
397,2016-09-07,ETH,11.69,11.73,11.52,11.55,6115050.0,979086976.0,2016,9,9,2
398,2016-09-08,ETH,11.55,11.7,11.25,11.35,11535000.0,967009984.0,2016,9,9,3
399,2016-09-09,ETH,11.41,11.68,11.39,11.65,6109200.0,956209984.0,2016,9,9,4
400,2016-09-10,ETH,11.66,12.22,11.54,12.17,7220300.0,977515008.0,2016,9,9,5
401,2016-09-11,ETH,12.21,12.21,11.59,11.64,8791180.0,1023640000.0,2016,9,9,6
402,2016-09-12,ETH,11.64,11.95,11.61,11.89,7478080.0,976644992.0,2016,9,9,0
403,2016-09-13,ETH,11.89,12.09,11.88,11.92,11704300.0,997638016.0,2016,9,9,1
404,2016-09-14,ETH,11.9,12.0,11.86,11.92,5694820.0,999352000.0,2016,9,9,2
405,2016-09-15,ETH,11.94,12.14,11.92,11.94,7309090.0,1002969984.0,2016,9,9,3
406,2016-09-16,ETH,11.96,12.75,11.9,12.56,17421500.0,1004739968.0,2016,9,9,4
407,2016-09-17,ETH,12.56,12.76,12.44,12.7,7446610.0,1055440000.0,2016,9,9,5
408,2016-09-18,ETH,12.69,12.99,12.16,12.43,22433300.0,1066620032.0,2016,9,9,6
409,2016-09-19,ETH,12.44,13.19,12.42,13.19,13838800.0,1045870016.0,2016,9,9,0
410,2016-09-20,ETH,13.21,14.43,13.12,14.43,31929100.0,1111810048.0,2016,9,9,1
411,2016-09-21,ETH,14.43,14.43,13.17,13.77,28645000.0,1214950016.0,2016,9,9,2
412,2016-09-22,ETH,13.66,13.66,12.48,13.25,27382800.0,1150649984.0,2016,9,9,3
413,2016-09-23,ETH,13.21,13.45,13.1,13.33,9166430.0,1112589952.0,2016,9,9,4
414,2016-09-24,ETH,13.32,13.34,12.68,12.88,9824880.0,1122669952.0,2016,9,9,5
415,2016-09-25,ETH,12.85,13.11,12.8,13.1,5283440.0,1083510016.0,2016,9,9,6
416,2016-09-26,ETH,13.17,13.17,12.74,12.82,7213070.0,1110700032.0,2016,9,9,0
417,2016-09-27,ETH,12.86,13.21,12.86,13.1,6831070.0,1085330048.0,2016,9,9,1
418,2016-09-28,ETH,13.11,13.48,13.08,13.27,10239000.0,1106329984.0,2016,9,9,2
419,2016-09-29,ETH,13.28,13.34,13.07,13.07,5990630.0,1121059968.0,2016,9,9,3
420,2016-09-30,ETH,13.08,13.34,13.02,13.22,5950840.0,1104530048.0,2016,9,9,4
421,2016-10-01,ETH,13.2,13.31,13.05,13.17,6331160.0,1115689984.0,2016,10,10,5
422,2016-10-02,ETH,13.18,13.3,13.14,13.2,4079660.0,1114200064.0,2016,10,10,6
423,2016-10-03,ETH,13.2,13.49,13.19,13.45,7458320.0,1116600064.0,2016,10,10,0
424,2016-10-04,ETH,13.45,13.53,13.21,13.28,8348280.0,1137980032.0,2016,10,10,1
425,2016-10-05,ETH,13.28,13.35,13.04,13.04,9881370.0,1124269952.0,2016,10,10,2
426,2016-10-06,ETH,13.03,13.14,12.69,12.85,12044800.0,1102940032.0,2016,10,10,3
427,2016-10-07,ETH,12.85,12.99,12.53,12.67,8933050.0,1088569984.0,2016,10,10,4
428,2016-10-08,ETH,12.67,12.69,12.05,12.22,11611200.0,1073990016.0,2016,10,10,5
429,2016-10-09,ETH,12.22,12.36,11.98,12.05,7208480.0,1035590016.0,2016,10,10,6
430,2016-10-10,ETH,12.06,12.06,11.62,11.76,10809200.0,1022860032.0,2016,10,10,0
431,2016-10-11,ETH,11.76,12.16,11.75,11.79,11727700.0,997948992.0,2016,10,10,1
432,2016-10-12,ETH,11.78,12.07,11.71,11.93,9694640.0,1000220032.0,2016,10,10,2
433,2016-10-13,ETH,11.91,12.13,11.78,11.96,8665190.0,1011190016.0,2016,10,10,3
434,2016-10-14,ETH,11.99,12.07,11.9,11.94,4333510.0,1018390016.0,2016,10,10,4
435,2016-10-15,ETH,11.94,12.0,11.78,11.98,4991840.0,1014280000.0,2016,10,10,5
436,2016-10-16,ETH,11.98,12.01,11.93,11.95,3617280.0,1018540032.0,2016,10,10,6
437,2016-10-17,ETH,11.96,12.03,11.86,12.01,5724440.0,1016710016.0,2016,10,10,0
438,2016-10-18,ETH,12.0,12.93,12.0,12.59,18864200.0,1020529984.0,2016,10,10,1
439,2016-10-19,ETH,12.59,12.62,11.91,12.02,10576200.0,1071710016.0,2016,10,10,2
440,2016-10-20,ETH,12.05,12.29,12.0,12.1,8170760.0,1025619968.0,2016,10,10,3
441,2016-10-21,ETH,12.13,12.21,12.02,12.18,5676920.0,1033139968.0,2016,10,10,4
442,2016-10-22,ETH,12.18,12.19,11.95,12.07,7583820.0,1037849984.0,2016,10,10,5
443,2016-10-23,ETH,12.13,12.14,11.94,12.04,5774660.0,1033969984.0,2016,10,10,6
444,2016-10-24,ETH,12.04,12.1,11.91,11.97,5739690.0,1026400000.0,2016,10,10,0
445,2016-10-25,ETH,11.97,11.99,11.15,11.41,19316000.0,1020849984.0,2016,10,10,1
446,2016-10-26,ETH,11.38,11.66,11.38,11.53,10221800.0,971440000.0,2016,10,10,2
447,2016-10-27,ETH,11.53,11.61,11.26,11.5,13255400.0,984361024.0,2016,10,10,3
448,2016-10-28,ETH,11.47,11.58,10.95,11.09,13971500.0,979916032.0,2016,10,10,4
449,2016-10-29,ETH,11.1,11.2,9.56,10.44,27070400.0,948270976.0,2016,10,10,5
450,2016-10-30,ETH,10.43,11.45,10.29,11.18,16694900.0,891164032.0,2016,10,10,6
451,2016-10-31,ETH,11.23,11.5,10.94,11.0,13393900.0,960008000.0,2016,10,10,0
452,2016-11-01,ETH,10.96,11.18,10.3,10.77,22901300.0,937123008.0,2016,11,11,1
453,2016-11-02,ETH,10.77,11.16,10.69,10.75,11691700.0,921691008.0,2016,11,11,2
454,2016-11-03,ETH,10.8,11.11,10.76,10.8,15228600.0,924097024.0,2016,11,11,3
455,2016-11-04,ETH,10.82,11.12,10.82,11.09,9958040.0,926129024.0,2016,11,11,4
456,2016-11-05,ETH,11.09,11.24,10.88,11.0,5502670.0,950212992.0,2016,11,11,5
457,2016-11-06,ETH,10.99,11.25,10.85,10.87,5688710.0,941729024.0,2016,11,11,6
458,2016-11-07,ETH,10.9,10.96,10.78,10.81,5992480.0,934536000.0,2016,11,11,0
459,2016-11-08,ETH,10.85,10.92,10.74,10.83,6258150.0,930345024.0,2016,11,11,1
460,2016-11-09,ETH,10.82,10.83,10.22,10.66,14606600.0,928062976.0,2016,11,11,2
461,2016-11-10,ETH,10.67,10.68,10.51,10.52,4253980.0,915939968.0,2016,11,11,3
462,2016-11-11,ETH,10.51,10.57,10.26,10.29,6056300.0,902478976.0,2016,11,11,4
463,2016-11-12,ETH,10.29,10.34,9.7,9.88,10052500.0,883779968.0,2016,11,11,5
464,2016-11-13,ETH,9.89,10.41,9.84,10.1,8227770.0,849342016.0,2016,11,11,6
465,2016-11-14,ETH,10.1,10.16,9.96,9.97,3573250.0,867755008.0,2016,11,11,0
466,2016-11-15,ETH,9.97,10.32,9.85,10.22,6557550.0,857222976.0,2016,11,11,1
467,2016-11-16,ETH,10.22,10.33,9.93,10.06,9533550.0,878609984.0,2016,11,11,2
468,2016-11-17,ETH,10.06,10.19,9.92,9.99,6984700.0,865393024.0,2016,11,11,3
469,2016-11-18,ETH,9.99,10.01,9.48,9.48,10816100.0,859571008.0,2016,11,11,4
470,2016-11-19,ETH,9.48,9.75,9.48,9.66,5186540.0,816380032.0,2016,11,11,5
471,2016-11-20,ETH,9.66,9.71,9.52,9.58,5173420.0,832049984.0,2016,11,11,6
472,2016-11-21,ETH,9.58,9.64,9.54,9.62,3663210.0,825380992.0,2016,11,11,0
473,2016-11-22,ETH,9.63,10.24,9.59,9.91,11284400.0,829616000.0,2016,11,11,1
474,2016-11-23,ETH,9.92,9.96,9.76,9.84,4812310.0,855265024.0,2016,11,11,2
475,2016-11-24,ETH,9.85,9.85,8.93,9.23,15987800.0,849228992.0,2016,11,11,3
476,2016-11-25,ETH,9.23,9.75,9.21,9.4,7669720.0,796268032.0,2016,11,11,4
477,2016-11-26,ETH,9.42,9.5,9.31,9.33,3505990.0,812795008.0,2016,11,11,5
478,2016-11-27,ETH,9.31,9.33,8.78,9.0,8707660.0,804084992.0,2016,11,11,6
479,2016-11-28,ETH,9.0,9.01,8.72,8.72,6046890.0,777310976.0,2016,11,11,0
480,2016-11-29,ETH,8.73,8.74,7.88,8.17,17000400.0,754307008.0,2016,11,11,1
481,2016-11-30,ETH,8.16,8.75,8.16,8.59,10626600.0,705040000.0,2016,11,11,2
482,2016-12-01,ETH,8.6,8.65,8.36,8.45,5882340.0,743881984.0,2016,12,12,3
483,2016-12-02,ETH,8.46,8.46,7.42,7.76,18579800.0,731520000.0,2016,12,12,4
484,2016-12-03,ETH,7.77,8.15,7.67,7.92,12112100.0,672137984.0,2016,12,12,5
485,2016-12-04,ETH,7.9,7.95,7.44,7.44,8450790.0,684257984.0,2016,12,12,6
486,2016-12-05,ETH,7.41,7.64,6.66,6.82,17344500.0,641820032.0,2016,12,12,0
487,2016-12-06,ETH,6.8,7.92,5.98,7.87,50671200.0,589548032.0,2016,12,12,1
488,2016-12-07,ETH,7.89,8.54,7.33,8.38,22229600.0,684257984.0,2016,12,12,2
489,2016-12-08,ETH,8.38,8.86,8.23,8.23,16042700.0,726878016.0,2016,12,12,3
490,2016-12-09,ETH,8.17,8.67,8.05,8.45,12916300.0,708467968.0,2016,12,12,4
491,2016-12-10,ETH,8.44,8.53,8.02,8.13,8108370.0,732172992.0,2016,12,12,5
492,2016-12-11,ETH,8.13,8.27,8.1,8.19,5545500.0,705363008.0,2016,12,12,6
493,2016-12-12,ETH,8.19,8.61,8.17,8.52,9119700.0,711347968.0,2016,12,12,0
494,2016-12-13,ETH,8.52,8.53,8.35,8.42,4486190.0,740099008.0,2016,12,12,1
495,2016-12-14,ETH,8.45,8.52,8.25,8.27,7337220.0,734382016.0,2016,12,12,2
496,2016-12-15,ETH,8.24,8.24,7.72,7.83,13184400.0,715860992.0,2016,12,12,3
497,2016-12-16,ETH,7.86,7.93,7.8,7.86,5178610.0,683398976.0,2016,12,12,4
498,2016-12-17,ETH,7.86,7.9,7.52,7.88,8502620.0,683356992.0,2016,12,12,5
499,2016-12-18,ETH,7.86,7.93,7.72,7.87,5890020.0,684028032.0,2016,12,12,6
500,2016-12-19,ETH,7.87,7.87,7.63,7.64,5894760.0,685054016.0,2016,12,12,0
501,2016-12-20,ETH,7.63,7.75,7.57,7.66,6313550.0,664771968.0,2016,12,12,1
502,2016-12-21,ETH,7.66,7.94,7.66,7.91,9393550.0,667625024.0,2016,12,12,2
503,2016-12-22,ETH,7.9,7.91,7.5,7.59,16376700.0,688380032.0,2016,12,12,3
504,2016-12-23,ETH,7.58,7.69,7.16,7.17,19613100.0,660545984.0,2016,12,12,4
505,2016-12-24,ETH,7.15,7.41,7.15,7.27,7626020.0,623758976.0,2016,12,12,5
506,2016-12-25,ETH,7.26,7.34,7.14,7.18,8671840.0,633792000.0,2016,12,12,6
507,2016-12-26,ETH,7.13,7.33,7.05,7.27,5836810.0,622438976.0,2016,12,12,0
508,2016-12-27,ETH,7.28,7.32,7.09,7.17,8778610.0,635260032.0,2016,12,12,1
509,2016-12-28,ETH,7.15,7.62,7.08,7.52,17453300.0,624358976.0,2016,12,12,2
510,2016-12-29,ETH,7.54,8.53,7.54,8.28,27543800.0,658673984.0,2016,12,12,3
511,2016-12-30,ETH,8.29,8.47,8.05,8.16,13909900.0,724528000.0,2016,12,12,4
512,2016-12-31,ETH,8.15,8.16,7.91,7.97,9066800.0,712662016.0,2016,12,12,5
513,2017-01-01,ETH,7.98,8.47,7.98,8.17,14731700.0,698148992.0,2017,1,1,6
514,2017-01-02,ETH,8.17,8.44,8.05,8.38,14579600.0,714899968.0,2017,1,1,0
515,2017-01-03,ETH,8.37,10.0,8.32,9.73,33625200.0,732988032.0,2017,1,1,1
516,2017-01-04,ETH,9.71,11.28,9.56,11.25,41051200.0,850115008.0,2017,1,1,2
517,2017-01-05,ETH,11.29,11.89,9.4,10.25,41557400.0,988598976.0,2017,1,1,3
518,2017-01-06,ETH,10.29,10.63,9.63,10.25,29471800.0,901249024.0,2017,1,1,4
519,2017-01-07,ETH,10.24,10.28,9.59,9.87,23153600.0,897635968.0,2017,1,1,5
520,2017-01-08,ETH,9.87,10.39,9.83,10.29,16676600.0,865667008.0,2017,1,1,6
521,2017-01-09,ETH,10.31,10.78,10.14,10.33,25718300.0,904681984.0,2017,1,1,0
522,2017-01-10,ETH,10.37,10.69,10.29,10.55,10879700.0,909897024.0,2017,1,1,1
523,2017-01-11,ETH,10.54,10.66,9.46,9.72,26823500.0,925320000.0,2017,1,1,2
524,2017-01-12,ETH,9.72,10.08,9.18,9.86,30453800.0,853638016.0,2017,1,1,3
525,2017-01-13,ETH,9.83,9.85,9.51,9.77,25066600.0,863241024.0,2017,1,1,4
526,2017-01-14,ETH,9.79,9.89,9.44,9.65,20085800.0,859971008.0,2017,1,1,5
527,2017-01-15,ETH,9.83,10.0,9.6,9.9,14837900.0,864036992.0,2017,1,1,6
528,2017-01-16,ETH,9.88,9.93,9.58,9.64,14937400.0,869126016.0,2017,1,1,0
529,2017-01-17,ETH,9.64,10.61,9.54,10.3,18391900.0,847980992.0,2017,1,1,1
530,2017-01-18,ETH,10.3,10.52,9.94,10.23,10788200.0,906078976.0,2017,1,1,2
531,2017-01-19,ETH,10.24,10.44,10.18,10.4,8347550.0,901484032.0,2017,1,1,3
532,2017-01-20,ETH,10.39,10.76,10.35,10.6,10992800.0,914696000.0,2017,1,1,4
533,2017-01-21,ETH,10.6,10.98,10.58,10.91,11937600.0,933404992.0,2017,1,1,5
534,2017-01-22,ETH,10.91,10.97,10.58,10.7,8678620.0,961462976.0,2017,1,1,6
535,2017-01-23,ETH,10.71,10.84,10.67,10.82,7267210.0,944158976.0,2017,1,1,0
536,2017-01-24,ETH,10.73,10.77,10.57,10.63,8327330.0,946083008.0,2017,1,1,1
537,2017-01-25,ETH,10.62,10.62,10.48,10.57,6751450.0,936769024.0,2017,1,1,2
538,2017-01-26,ETH,10.57,10.67,10.51,10.59,8465020.0,932574976.0,2017,1,1,3
539,2017-01-27,ETH,10.58,10.61,10.44,10.54,7189170.0,934403968.0,2017,1,1,4
540,2017-01-28,ETH,10.54,10.58,10.43,10.56,6580700.0,930688000.0,2017,1,1,5
541,2017-01-29,ETH,10.56,10.57,10.45,10.48,4689950.0,933086976.0,2017,1,1,6
542,2017-01-30,ETH,10.49,10.71,10.47,10.57,8042180.0,927414976.0,2017,1,1,0
543,2017-01-31,ETH,10.56,10.75,10.55,10.73,11648700.0,933974976.0,2017,1,1,1
544,2017-02-01,ETH,10.74,10.85,10.56,10.73,12852200.0,949969024.0,2017,2,2,2
545,2017-02-02,ETH,10.74,10.89,10.55,10.82,10172500.0,949793024.0,2017,2,2,3
546,2017-02-03,ETH,10.81,11.11,10.76,11.11,12897800.0,956944000.0,2017,2,2,4
547,2017-02-04,ETH,11.13,11.5,11.13,11.43,14139500.0,985276992.0,2017,2,2,5
548,2017-02-05,ETH,11.44,11.49,11.32,11.35,5942960.0,1013400000.0,2017,2,2,6
549,2017-02-06,ETH,11.35,11.48,11.34,11.39,5695440.0,1005929984.0,2017,2,2,0
550,2017-02-07,ETH,11.43,11.61,11.41,11.52,7629640.0,1012620032.0,2017,2,2,1
551,2017-02-08,ETH,11.54,11.63,11.24,11.43,9688630.0,1023169984.0,2017,2,2,2
552,2017-02-09,ETH,11.44,11.6,10.67,11.03,18400300.0,1014280000.0,2017,2,2,3
553,2017-02-10,ETH,11.05,11.34,10.78,11.28,11914200.0,979961024.0,2017,2,2,4
554,2017-02-11,ETH,11.29,11.43,11.24,11.35,7544520.0,1002129984.0,2017,2,2,5
555,2017-02-12,ETH,11.35,11.4,11.3,11.4,6264900.0,1008030016.0,2017,2,2,6
556,2017-02-13,ETH,11.38,11.39,11.17,11.27,7216520.0,1011080000.0,2017,2,2,0
557,2017-02-14,ETH,11.29,13.33,11.29,13.03,42911500.0,1002809984.0,2017,2,2,1
558,2017-02-15,ETH,13.04,13.04,12.64,12.92,18464700.0,1159000064.0,2017,2,2,2
559,2017-02-16,ETH,12.92,12.92,12.54,12.9,38002600.0,1148860032.0,2017,2,2,3
560,2017-02-17,ETH,12.9,12.91,12.66,12.68,11636500.0,1147260032.0,2017,2,2,4
561,2017-02-18,ETH,12.71,12.83,12.68,12.81,9370010.0,1130749952.0,2017,2,2,5
562,2017-02-19,ETH,12.82,12.87,12.71,12.76,7799740.0,1140870016.0,2017,2,2,6
563,2017-02-20,ETH,12.77,12.9,12.43,12.43,12994400.0,1136610048.0,2017,2,2,0
564,2017-02-21,ETH,12.34,12.77,12.21,12.67,15183300.0,1099330048.0,2017,2,2,1
565,2017-02-22,ETH,12.69,12.76,12.55,12.6,10360900.0,1130460032.0,2017,2,2,2
566,2017-02-23,ETH,12.6,13.21,12.56,13.12,14522300.0,1122909952.0,2017,2,2,3
567,2017-02-24,ETH,13.13,13.23,12.88,13.07,19574400.0,1171110016.0,2017,2,2,4
568,2017-02-25,ETH,13.06,13.72,12.98,13.55,18533900.0,1165229952.0,2017,2,2,5
569,2017-02-26,ETH,13.52,14.54,13.4,14.52,20307500.0,1206150016.0,2017,2,2,6
570,2017-02-27,ETH,14.51,15.68,14.27,15.4,31667000.0,1294770048.0,2017,2,2,0
571,2017-02-28,ETH,15.45,16.06,15.12,15.82,65478900.0,1379600000.0,2017,2,2,1
572,2017-03-01,ETH,15.85,17.37,15.56,17.35,44927500.0,1415510016.0,2017,3,3,2
573,2017-03-02,ETH,17.36,19.35,16.95,19.03,83627104.0,1550749952.0,2017,3,3,3
574,2017-03-03,ETH,19.04,20.67,18.41,19.46,95863400.0,1702140032.0,2017,3,3,4
575,2017-03-04,ETH,19.52,20.06,18.62,18.62,27341900.0,1745139968.0,2017,3,3,5
576,2017-03-05,ETH,18.5,19.42,18.23,19.3,26816300.0,1655030016.0,2017,3,3,6
577,2017-03-06,ETH,19.28,20.1,19.11,19.61,32432700.0,1725360000.0,2017,3,3,0
578,2017-03-07,ETH,19.58,19.63,18.64,18.89,37972200.0,1752530048.0,2017,3,3,1
579,2017-03-08,ETH,18.88,18.88,16.65,16.65,44304600.0,1690759936.0,2017,3,3,2
580,2017-03-09,ETH,16.64,17.87,16.37,17.75,31418400.0,1490499968.0,2017,3,3,3
581,2017-03-10,ETH,17.74,19.66,17.68,19.33,87506800.0,1589639936.0,2017,3,3,4
582,2017-03-11,ETH,19.37,21.59,19.01,21.47,69150096.0,1736630016.0,2017,3,3,5
583,2017-03-12,ETH,21.46,23.44,21.38,23.44,74628896.0,1924659968.0,2017,3,3,6
584,2017-03-13,ETH,23.5,30.6,23.5,28.59,255488000.0,2108300032.0,2017,3,3,0
585,2017-03-14,ETH,28.57,29.93,27.32,28.65,101797000.0,2563699968.0,2017,3,3,1
586,2017-03-15,ETH,28.65,35.06,28.43,35.06,170344000.0,2571160064.0,2017,3,3,2
587,2017-03-16,ETH,35.36,47.17,35.36,46.35,454417984.0,3174749952.0,2017,3,3,3
588,2017-03-17,ETH,45.93,55.11,38.21,46.83,497534016.0,4125479936.0,2017,3,3,4
589,2017-03-18,ETH,46.87,46.87,31.7,34.16,262180000.0,4211830016.0,2017,3,3,5
590,2017-03-19,ETH,35.53,47.0,35.34,44.74,239430000.0,3193600000.0,2017,3,3,6
591,2017-03-20,ETH,44.83,46.23,42.44,43.39,154700992.0,4031269888.0,2017,3,3,0
592,2017-03-21,ETH,43.51,44.26,42.37,43.15,91265400.0,3913619968.0,2017,3,3,1
593,2017-03-22,ETH,43.12,43.52,39.69,42.34,113952000.0,3880120064.0,2017,3,3,2
594,2017-03-23,ETH,42.57,44.75,41.3,43.68,100724000.0,3831310080.0,2017,3,3,3
595,2017-03-24,ETH,43.64,54.14,43.21,53.11,297046016.0,3929230080.0,2017,3,3,4
596,2017-03-25,ETH,53.58,53.58,48.31,51.25,223059008.0,4825699840.0,2017,3,3,5
597,2017-03-26,ETH,50.77,51.8,49.28,50.52,106859000.0,4574539776.0,2017,3,3,6
598,2017-03-27,ETH,51.31,52.46,48.93,49.67,118978000.0,4624990208.0,2017,3,3,0
599,2017-03-28,ETH,49.71,50.96,49.15,50.77,97745296.0,4482160128.0,2017,3,3,1
600,2017-03-29,ETH,50.57,53.87,50.55,53.13,144998000.0,4561149952.0,2017,3,3,2
601,2017-03-30,ETH,53.12,53.31,51.87,52.21,86885696.0,4793280000.0,2017,3,3,3
602,2017-03-31,ETH,51.75,51.77,47.38,50.04,151416000.0,4671190016.0,2017,3,3,4
603,2017-04-01,ETH,50.03,51.93,48.88,50.7,92461904.0,4517510144.0,2017,4,4,5
604,2017-04-02,ETH,50.74,51.27,45.43,48.75,134604000.0,4582700032.0,2017,4,4,6
605,2017-04-03,ETH,48.82,48.82,43.41,44.36,190512992.0,4411030016.0,2017,4,4,0
606,2017-04-04,ETH,43.92,45.74,41.72,44.64,157568000.0,3969730048.0,2017,4,4,1
607,2017-04-05,ETH,44.66,47.84,44.54,45.3,119733000.0,4037939968.0,2017,4,4,2
608,2017-04-06,ETH,45.22,45.64,40.9,43.24,147120000.0,4089929984.0,2017,4,4,3
609,2017-04-07,ETH,42.87,44.04,41.65,42.16,81474704.0,3878210048.0,2017,4,4,4
610,2017-04-08,ETH,41.8,45.21,41.73,44.31,74138800.0,3783000064.0,2017,4,4,5
611,2017-04-09,ETH,44.28,44.49,42.89,43.27,55143000.0,4009009920.0,2017,4,4,6
612,2017-04-10,ETH,43.28,44.14,42.42,43.44,44061500.0,3919520000.0,2017,4,4,0
613,2017-04-11,ETH,43.5,44.25,43.3,43.41,38303300.0,3941100032.0,2017,4,4,1
614,2017-04-12,ETH,43.46,47.23,43.11,46.29,88045696.0,3938929920.0,2017,4,4,2
615,2017-04-13,ETH,46.31,50.91,46.31,50.22,157200000.0,4198419968.0,2017,4,4,3
616,2017-04-14,ETH,49.97,50.05,46.76,47.57,91674400.0,4531809792.0,2017,4,4,4
617,2017-04-15,ETH,47.65,49.57,47.18,49.1,66207800.0,4323100160.0,2017,4,4,5
618,2017-04-16,ETH,49.04,49.14,48.19,48.72,31343800.0,4450140160.0,2017,4,4,6
619,2017-04-17,ETH,48.66,48.75,48.05,48.3,44013300.0,4417310208.0,2017,4,4,0
620,2017-04-18,ETH,48.32,51.03,48.3,50.71,78748496.0,4387859968.0,2017,4,4,1
621,2017-04-19,ETH,50.73,50.95,47.26,48.31,76281000.0,4608260096.0,2017,4,4,2
622,2017-04-20,ETH,48.13,49.99,48.13,49.67,79600896.0,4373799936.0,2017,4,4,3
623,2017-04-21,ETH,49.64,49.66,48.14,48.22,45048300.0,4512609792.0,2017,4,4,4
624,2017-04-22,ETH,48.18,48.74,48.17,48.55,37357600.0,4381289984.0,2017,4,4,5
625,2017-04-23,ETH,48.59,48.89,48.17,48.49,36234000.0,4420040192.0,2017,4,4,6
626,2017-04-24,ETH,48.87,50.18,48.87,50.03,55580600.0,4446470144.0,2017,4,4,0
627,2017-04-25,ETH,50.07,50.3,49.81,49.89,38264600.0,4557870080.0,2017,4,4,1
628,2017-04-26,ETH,49.91,53.44,49.91,52.72,104884000.0,4544370176.0,2017,4,4,2
629,2017-04-27,ETH,52.81,62.17,52.29,62.17,246775008.0,4809630208.0,2017,4,4,3
630,2017-04-28,ETH,62.23,70.85,62.13,70.16,346545984.0,5669550080.0,2017,4,4,4
631,2017-04-29,ETH,71.39,71.9,66.78,68.38,165448000.0,6506489856.0,2017,4,4,5
632,2017-04-30,ETH,68.54,79.02,68.35,79.02,229944992.0,6248840192.0,2017,4,4,6
633,2017-05-01,ETH,79.32,82.52,73.09,76.3,376841984.0,7234070016.0,2017,5,5,0
634,2017-05-02,ETH,76.65,79.35,74.38,77.26,193772992.0,6992979968.0,2017,5,5,1
635,2017-05-03,ETH,77.25,80.1,75.76,79.72,141922000.0,7050050048.0,2017,5,5,2
636,2017-05-04,ETH,79.72,97.56,79.43,96.98,366847008.0,7277479936.0,2017,5,5,3
637,2017-05-05,ETH,96.73,103.23,92.22,94.4,331928000.0,8833519616.0,2017,5,5,4
638,2017-05-06,ETH,94.91,97.88,90.95,97.81,151462000.0,8669910016.0,2017,5,5,5
639,2017-05-07,ETH,97.87,98.24,89.87,94.01,183295008.0,8942950400.0,2017,5,5,6
640,2017-05-08,ETH,93.75,95.14,89.51,91.42,231344000.0,8569059840.0,2017,5,5,0
641,2017-05-09,ETH,91.23,93.06,80.39,91.16,363433984.0,8341490176.0,2017,5,5,1
642,2017-05-10,ETH,91.15,92.85,85.29,89.52,145602000.0,8337180160.0,2017,5,5,2
643,2017-05-11,ETH,89.77,102.55,88.48,89.88,132722000.0,8213570048.0,2017,5,5,3
644,2017-05-12,ETH,89.43,93.12,88.66,88.66,145824992.0,8184929792.0,2017,5,5,4
645,2017-05-13,ETH,88.69,93.81,86.66,90.84,88742200.0,8120390144.0,2017,5,5,5
646,2017-05-14,ETH,90.87,91.25,89.61,90.79,66046600.0,8322379776.0,2017,5,5,6
647,2017-05-15,ETH,90.78,95.43,86.83,92.41,170999008.0,8316930048.0,2017,5,5,0
648,2017-05-16,ETH,92.39,93.56,89.12,89.44,152284992.0,8466469888.0,2017,5,5,1
649,2017-05-17,ETH,89.25,91.27,84.43,89.86,183031008.0,8181519872.0,2017,5,5,2
650,2017-05-18,ETH,89.84,97.37,89.84,96.91,196236992.0,8238110208.0,2017,5,5,3
651,2017-05-19,ETH,97.05,133.56,97.05,129.53,626945024.0,8902240256.0,2017,5,5,4
652,2017-05-20,ETH,129.22,133.64,124.7,126.52,331455008.0,11856600064.0,2017,5,5,5
653,2017-05-21,ETH,127.54,159.03,125.89,157.94,570361024.0,11705700352.0,2017,5,5,6
654,2017-05-22,ETH,158.17,201.75,152.47,174.26,1188909952.0,14522099712.0,2017,5,5,0
655,2017-05-23,ETH,170.82,183.55,169.93,181.95,530708992.0,15687999488.0,2017,5,5,1
656,2017-05-24,ETH,182.65,228.37,182.45,190.05,561014016.0,16779700224.0,2017,5,5,2
657,2017-05-25,ETH,189.85,210.98,170.51,174.45,943636992.0,17446600704.0,2017,5,5,3
658,2017-05-26,ETH,175.22,193.69,150.28,160.4,792457984.0,16106999808.0,2017,5,5,4
659,2017-05-27,ETH,159.82,166.95,120.44,157.76,1217059968.0,14695999488.0,2017,5,5,5
660,2017-05-28,ETH,158.82,179.93,157.6,170.51,717971008.0,14608600064.0,2017,5,5,6
661,2017-05-29,ETH,170.13,197.13,164.53,194.91,718828032.0,15654599680.0,2017,5,5,0
662,2017-05-30,ETH,195.61,233.71,189.29,231.91,1586669952.0,18004699136.0,2017,5,5,1
663,2017-05-31,ETH,231.58,236.96,215.57,230.67,1271600000.0,21321900032.0,2017,5,5,2
664,2017-06-01,ETH,230.89,236.22,214.48,222.24,812924032.0,21264799744.0,2017,6,6,3
665,2017-06-02,ETH,222.29,229.41,219.58,223.77,469532000.0,20479000576.0,2017,6,6,4
666,2017-06-03,ETH,223.46,225.97,219.42,224.38,427896000.0,20593500160.0,2017,6,6,5
667,2017-06-04,ETH,224.12,250.41,223.98,245.33,753820032.0,20659800064.0,2017,6,6,6
668,2017-06-05,ETH,245.26,249.47,243.05,248.46,435660000.0,22615799808.0,2017,6,6,0
669,2017-06-06,ETH,248.6,267.51,246.84,264.47,741553024.0,22930399232.0,2017,6,6,1
670,2017-06-07,ETH,264.26,264.67,254.04,258.07,461648992.0,24382199808.0,2017,6,6,2
671,2017-06-08,ETH,257.99,262.25,253.98,261.67,385494016.0,23810899968.0,2017,6,6,3
672,2017-06-09,ETH,261.75,282.76,261.75,281.74,557985984.0,24164999168.0,2017,6,6,4
673,2017-06-10,ETH,282.01,350.26,282.01,337.67,1611629952.0,26043699200.0,2017,6,6,5
674,2017-06-11,ETH,338.79,353.01,318.17,340.61,1373219968.0,31296800768.0,2017,6,6,6
675,2017-06-12,ETH,341.16,414.76,341.16,401.49,2882650112.0,31525300224.0,2017,6,6,0
676,2017-06-13,ETH,395.69,411.18,370.06,397.54,1717379968.0,36574498816.0,2017,6,6,1
677,2017-06-14,ETH,397.59,399.32,342.21,359.05,1272579968.0,36761600000.0,2017,6,6,2
678,2017-06-15,ETH,358.51,364.44,300.7,361.93,2463450112.0,33158199296.0,2017,6,6,3
679,2017-06-16,ETH,361.18,373.05,341.42,370.23,1096280064.0,33415800832.0,2017,6,6,4
680,2017-06-17,ETH,369.88,379.41,364.0,379.41,904652992.0,34231300096.0,2017,6,6,5
681,2017-06-18,ETH,379.52,390.58,368.84,371.46,904702976.0,35133800448.0,2017,6,6,6
682,2017-06-19,ETH,371.86,377.11,369.76,370.06,685171968.0,34435698688.0,2017,6,6,0
683,2017-06-20,ETH,370.33,377.97,350.94,359.01,1020390016.0,34304000000.0,2017,6,6,1
684,2017-06-21,ETH,359.54,361.34,319.48,336.87,1420130048.0,33310500864.0,2017,6,6,2
685,2017-06-22,ETH,337.73,342.03,330.62,336.37,925766976.0,31302619136.0,2017,6,6,3
686,2017-06-23,ETH,336.48,348.01,334.99,341.74,593206976.0,31195850752.0,2017,6,6,4
687,2017-06-24,ETH,341.63,343.62,322.09,323.7,673585024.0,31681343488.0,2017,6,6,5
688,2017-06-25,ETH,323.47,332.79,284.65,303.25,1186880000.0,30005925888.0,2017,6,6,6
689,2017-06-26,ETH,302.95,311.46,238.65,272.69,2081810048.0,28111192064.0,2017,6,6,0
690,2017-06-27,ETH,272.69,293.09,227.14,293.09,1973869952.0,25309749248.0,2017,6,6,1
691,2017-06-28,ETH,293.04,333.1,276.41,327.93,2056550016.0,27206987776.0,2017,6,6,2
692,2017-06-29,ETH,328.37,330.71,297.37,302.88,1508579968.0,30495309824.0,2017,6,6,3
693,2017-06-30,ETH,303.15,315.17,288.44,294.92,1011800000.0,28161871872.0,2017,6,6,4
694,2017-07-01,ETH,293.35,293.75,268.62,274.6,1089200000.0,27259449344.0,2017,7,7,5
695,2017-07-02,ETH,275.12,295.51,262.52,287.99,1123330048.0,25572796416.0,2017,7,7,6
696,2017-07-03,ETH,288.41,291.1,281.18,282.9,851408000.0,26815934464.0,2017,7,7,0
697,2017-07-04,ETH,282.19,287.39,273.11,273.3,687691008.0,26244990976.0,2017,7,7,1
698,2017-07-05,ETH,273.1,275.13,261.45,268.77,790256000.0,25406922752.0,2017,7,7,2
699,2017-07-06,ETH,268.86,278.48,265.51,270.55,623080000.0,25019516928.0,2017,7,7,3
700,2017-07-07,ETH,270.35,273.94,244.17,245.99,687251968.0,25160841216.0,2017,7,7,4
701,2017-07-08,ETH,245.89,273.48,236.55,251.7,754958016.0,22890702848.0,2017,7,7,5
702,2017-07-09,ETH,251.82,255.1,242.14,242.14,505118016.0,23454654464.0,2017,7,7,6
703,2017-07-10,ETH,243.01,243.07,196.96,215.36,937219008.0,22640531456.0,2017,7,7,0
704,2017-07-11,ETH,211.52,220.29,183.39,197.4,1440950016.0,19712309248.0,2017,7,7,1
705,2017-07-12,ETH,197.15,230.77,189.59,230.77,1241190016.0,18377590784.0,2017,7,7,2
706,2017-07-13,ETH,231.81,231.81,200.07,209.73,828489024.0,21613936640.0,2017,7,7,3
707,2017-07-14,ETH,209.53,211.1,187.37,199.66,749382016.0,19541268480.0,2017,7,7,4
708,2017-07-15,ETH,199.71,200.16,170.65,170.65,810451968.0,18630193152.0,2017,7,7,5
709,2017-07-16,ETH,169.57,172.01,133.72,157.36,1516889984.0,15823085568.0,2017,7,7,6
710,2017-07-17,ETH,159.99,194.75,158.04,193.42,1669500032.0,14932733952.0,2017,7,7,0
711,2017-07-18,ETH,195.03,267.99,182.06,234.39,2709260032.0,18207434752.0,2017,7,7,1
712,2017-07-19,ETH,234.94,245.65,191.74,199.7,2328790016.0,21939337216.0,2017,7,7,2
713,2017-07-20,ETH,205.42,233.9,203.22,227.26,2224999936.0,19187824640.0,2017,7,7,3
714,2017-07-21,ETH,226.06,235.12,213.01,218.3,1006129984.0,21121122304.0,2017,7,7,4
715,2017-07-22,ETH,217.86,232.7,216.87,229.48,618259968.0,20360077312.0,2017,7,7,5
716,2017-07-23,ETH,229.12,231.68,217.72,225.95,649614976.0,21418291200.0,2017,7,7,6
717,2017-07-24,ETH,226.29,227.54,222.45,224.71,431691008.0,21158543360.0,2017,7,7,0
718,2017-07-25,ETH,224.37,225.32,195.85,206.71,1095760000.0,20985184256.0,2017,7,7,1
719,2017-07-26,ETH,207.09,210.77,194.78,203.95,717692032.0,19373395968.0,2017,7,7,2
720,2017-07-27,ETH,204.86,206.44,201.26,204.32,393283008.0,19169816576.0,2017,7,7,3
721,2017-07-28,ETH,204.32,204.9,192.3,193.12,562571008.0,19125102592.0,2017,7,7,4
722,2017-07-29,ETH,193.34,208.68,179.65,205.79,824355008.0,18101762048.0,2017,7,7,5
723,2017-07-30,ETH,206.74,208.54,196.15,197.98,596233984.0,19360923648.0,2017,7,7,6
724,2017-07-31,ETH,197.4,203.87,193.41,203.87,569414016.0,18492033024.0,2017,7,7,0
725,2017-08-01,ETH,204.69,227.74,204.69,226.77,1585330048.0,19179139072.0,2017,8,8,1
726,2017-08-02,ETH,227.01,229.51,218.12,219.95,632606016.0,21275228160.0,2017,8,8,2
727,2017-08-03,ETH,220.18,228.29,219.89,225.34,557217024.0,20640077824.0,2017,8,8,3
728,2017-08-04,ETH,225.31,227.62,222.06,223.07,539782976.0,21125576704.0,2017,8,8,4
729,2017-08-05,ETH,222.85,256.51,221.95,256.51,1332999936.0,20899981312.0,2017,8,8,5
730,2017-08-06,ETH,256.42,271.05,252.85,261.57,1482979968.0,24053475328.0,2017,8,8,6
731,2017-08-07,ETH,261.24,271.96,256.69,269.18,935726976.0,24510986240.0,2017,8,8,0
732,2017-08-08,ETH,269.1,298.91,266.8,296.77,1502409984.0,25254578176.0,2017,8,8,1
733,2017-08-09,ETH,297.63,318.72,276.69,296.03,2638579968.0,27938674688.0,2017,8,8,2
734,2017-08-10,ETH,296.96,306.59,289.93,295.89,1076819968.0,27882172416.0,2017,8,8,3
735,2017-08-11,ETH,294.49,309.21,294.49,308.86,953576000.0,27657009152.0,2017,8,8,4
736,2017-08-12,ETH,308.71,317.56,307.9,310.6,1111650048.0,28998699008.0,2017,8,8,5
737,2017-08-13,ETH,310.37,310.82,289.31,298.06,1369369984.0,29161054208.0,2017,8,8,6
738,2017-08-14,ETH,298.03,306.81,296.41,300.1,864390976.0,28008683520.0,2017,8,8,0
739,2017-08-15,ETH,299.95,300.41,279.33,289.82,1051800000.0,28195801088.0,2017,8,8,1
740,2017-08-16,ETH,289.82,303.41,285.39,302.27,967643008.0,27249725440.0,2017,8,8,2
741,2017-08-17,ETH,302.8,311.03,300.25,301.46,909494016.0,28477546496.0,2017,8,8,3
742,2017-08-18,ETH,301.7,307.96,292.5,295.59,936160000.0,28380174336.0,2017,8,8,4
743,2017-08-19,ETH,296.18,301.67,286.18,297.47,860201984.0,27867920384.0,2017,8,8,5
744,2017-08-20,ETH,296.64,301.43,291.58,301.43,571947008.0,27918127104.0,2017,8,8,6
745,2017-08-21,ETH,300.48,347.05,297.23,321.59,2448969984.0,28285462528.0,2017,8,8,0
746,2017-08-22,ETH,321.05,327.36,297.91,314.79,1336400000.0,30229891072.0,2017,8,8,1
747,2017-08-23,ETH,315.27,324.21,314.54,317.52,811990016.0,29691918336.0,2017,8,8,2
748,2017-08-24,ETH,317.45,327.96,317.08,325.61,697665024.0,29904596992.0,2017,8,8,3
749,2017-08-25,ETH,326.11,336.4,325.8,331.92,760329024.0,30727895040.0,2017,8,8,4
750,2017-08-26,ETH,331.99,334.98,327.92,333.88,514180992.0,31288260608.0,2017,8,8,5
751,2017-08-27,ETH,334.36,347.89,334.36,347.89,633369984.0,31517530112.0,2017,8,8,6
752,2017-08-28,ETH,350.04,352.05,338.41,347.75,854318976.0,33002674176.0,2017,8,8,0
753,2017-08-29,ETH,347.96,373.76,347.79,370.67,1220029952.0,32813217792.0,2017,8,8,1
754,2017-08-30,ETH,369.47,388.75,361.97,378.48,1333319936.0,34848423936.0,2017,8,8,2
755,2017-08-31,ETH,378.44,386.14,376.35,383.04,706254016.0,35701485568.0,2017,8,8,3
756,2017-09-01,ETH,383.47,390.04,383.47,387.74,874222016.0,36182855680.0,2017,9,9,4
757,2017-09-02,ETH,387.82,389.35,328.1,348.98,1483600000.0,36601204736.0,2017,9,9,5
758,2017-09-03,ETH,350.23,366.49,332.23,347.48,986265984.0,33059801088.0,2017,9,9,6
759,2017-09-04,ETH,347.13,347.13,279.94,295.17,1801689984.0,32773988352.0,2017,9,9,0
760,2017-09-05,ETH,297.57,318.57,268.29,312.99,1551049984.0,28099983360.0,2017,9,9,1
761,2017-09-06,ETH,313.8,334.66,313.49,334.34,1058830016.0,29639079936.0,2017,9,9,2
762,2017-09-07,ETH,333.52,333.52,319.94,329.43,718624000.0,31507544064.0,2017,9,9,3
763,2017-09-08,ETH,329.64,329.64,285.16,296.5,1098780032.0,31147151360.0,2017,9,9,4
764,2017-09-09,ETH,296.17,299.89,287.22,294.4,528620992.0,27990509568.0,2017,9,9,5
765,2017-09-10,ETH,294.06,294.76,268.97,288.75,698326016.0,27797227520.0,2017,9,9,6
766,2017-09-11,ETH,289.74,300.69,286.68,294.53,571307008.0,27394424832.0,2017,9,9,0
767,2017-09-12,ETH,294.63,311.2,287.23,291.46,753144000.0,27861831680.0,2017,9,9,1
768,2017-09-13,ETH,291.12,291.12,260.61,277.11,921692032.0,27535706112.0,2017,9,9,2
769,2017-09-14,ETH,276.59,280.84,213.91,213.91,1184589952.0,26166147072.0,2017,9,9,3
770,2017-09-15,ETH,215.22,258.65,195.04,250.46,1935699968.0,20364886016.0,2017,9,9,4
771,2017-09-16,ETH,250.87,262.59,238.22,246.52,711737024.0,23742570496.0,2017,9,9,5
772,2017-09-17,ETH,245.85,257.0,235.24,251.75,427452000.0,23272527872.0,2017,9,9,6
773,2017-09-18,ETH,252.23,293.5,252.23,293.5,1127750016.0,23881156608.0,2017,9,9,0
774,2017-09-19,ETH,293.66,295.77,274.48,282.8,646908992.0,27809294336.0,2017,9,9,1
775,2017-09-20,ETH,282.02,290.89,278.05,283.74,421404000.0,26712387584.0,2017,9,9,2
776,2017-09-21,ETH,283.26,286.61,255.02,258.58,601265984.0,26835992576.0,2017,9,9,3
777,2017-09-22,ETH,258.11,270.54,256.22,264.31,430080992.0,24458373120.0,2017,9,9,4
778,2017-09-23,ETH,264.6,286.17,261.12,286.17,450934016.0,25077055488.0,2017,9,9,5
779,2017-09-24,ETH,286.21,292.95,278.13,282.48,571411008.0,27129874432.0,2017,9,9,6
780,2017-09-25,ETH,282.22,293.52,281.88,292.33,483160992.0,26755461120.0,2017,9,9,0
781,2017-09-26,ETH,292.35,293.75,287.02,287.44,345800992.0,27719983104.0,2017,9,9,1
782,2017-09-27,ETH,287.02,308.02,286.82,306.47,550243968.0,27219355648.0,2017,9,9,2
783,2017-09-28,ETH,306.47,307.2,295.47,299.15,501894016.0,29068738560.0,2017,9,9,3
784,2017-09-29,ETH,299.12,299.92,279.77,291.47,541374976.0,28375930880.0,2017,9,9,4
785,2017-09-30,ETH,291.48,303.96,291.11,301.46,332439008.0,27655217152.0,2017,9,9,5
786,2017-10-01,ETH,301.55,303.19,295.06,302.34,306184992.0,28615151616.0,2017,10,10,6
787,2017-10-02,ETH,302.48,302.92,294.58,297.48,339443008.0,28708456448.0,2017,10,10,0
788,2017-10-03,ETH,297.48,300.11,288.13,292.46,321680000.0,28238487552.0,2017,10,10,1
789,2017-10-04,ETH,292.75,299.39,290.89,292.66,257906000.0,27794059264.0,2017,10,10,2
790,2017-10-05,ETH,292.77,298.04,288.84,295.86,253747008.0,27800369152.0,2017,10,10,3
791,2017-10-06,ETH,295.15,308.84,294.95,308.59,318664000.0,28031059968.0,2017,10,10,4
792,2017-10-07,ETH,308.89,313.13,304.98,311.12,342204992.0,29340370944.0,2017,10,10,5
793,2017-10-08,ETH,311.06,312.54,308.03,308.61,293167008.0,29550901248.0,2017,10,10,6
794,2017-10-09,ETH,308.67,309.31,288.18,297.39,559467008.0,29328332800.0,2017,10,10,0
795,2017-10-10,ETH,297.6,306.15,293.17,299.87,359705984.0,28281407488.0,2017,10,10,1
796,2017-10-11,ETH,301.18,304.39,299.1,303.46,264146000.0,28626298880.0,2017,10,10,2
797,2017-10-12,ETH,303.5,309.15,303.29,304.14,527556992.0,28851191808.0,2017,10,10,3
798,2017-10-13,ETH,304.08,348.6,299.66,338.76,1304359936.0,28911118336.0,2017,10,10,4
799,2017-10-14,ETH,338.85,347.98,334.7,339.63,516561984.0,32222433280.0,2017,10,10,5
800,2017-10-15,ETH,339.53,342.72,320.43,336.6,635406976.0,32292085760.0,2017,10,10,6
801,2017-10-16,ETH,336.71,349.35,332.04,333.38,692884992.0,32029241344.0,2017,10,10,0
802,2017-10-17,ETH,333.48,333.48,311.79,317.08,509924000.0,31727747072.0,2017,10,10,1
803,2017-10-18,ETH,316.94,317.24,290.64,314.32,606113984.0,30160478208.0,2017,10,10,2
804,2017-10-19,ETH,314.54,316.71,305.83,308.09,349830016.0,29937942528.0,2017,10,10,3
805,2017-10-20,ETH,308.05,311.44,303.49,304.01,396672992.0,29326307328.0,2017,10,10,4
806,2017-10-21,ETH,303.57,303.93,291.77,300.19,408014016.0,28906563584.0,2017,10,10,5
807,2017-10-22,ETH,300.55,305.5,292.81,295.45,327387008.0,28624836608.0,2017,10,10,6
808,2017-10-23,ETH,295.1,295.75,277.58,286.95,482336000.0,28111425536.0,2017,10,10,0
809,2017-10-24,ETH,287.12,311.96,282.66,298.33,684281024.0,27357478912.0,2017,10,10,1
810,2017-10-25,ETH,298.44,301.85,290.72,297.92,325040000.0,28441989120.0,2017,10,10,2
811,2017-10-26,ETH,298.02,301.07,295.22,296.53,270272992.0,28408424448.0,2017,10,10,3
812,2017-10-27,ETH,296.51,299.26,294.06,297.42,257168992.0,28270110720.0,2017,10,10,4
813,2017-10-28,ETH,297.92,300.36,293.58,296.3,264424000.0,28410406912.0,2017,10,10,5
814,2017-10-29,ETH,296.38,313.76,296.38,305.09,551752000.0,28270163968.0,2017,10,10,6
815,2017-10-30,ETH,304.78,310.5,304.35,307.75,331441984.0,29077594112.0,2017,10,10,0
816,2017-10-31,ETH,307.38,310.55,305.88,305.88,369583008.0,29331517440.0,2017,10,10,1
817,2017-11-01,ETH,305.76,306.4,290.58,291.69,553864000.0,29183592448.0,2017,11,11,2
818,2017-11-02,ETH,290.73,293.91,281.17,287.43,904900992.0,27754237952.0,2017,11,11,3
819,2017-11-03,ETH,288.5,308.31,287.69,305.71,646339968.0,27547410432.0,2017,11,11,4
820,2017-11-04,ETH,305.48,305.48,295.8,300.47,416479008.0,29175347200.0,2017,11,11,5
821,2017-11-05,ETH,300.04,301.37,295.12,296.26,337657984.0,28661499904.0,2017,11,11,6
822,2017-11-06,ETH,296.43,305.42,293.72,298.89,579358976.0,28322701312.0,2017,11,11,0
823,2017-11-07,ETH,298.57,304.84,290.77,294.66,540766016.0,28533338112.0,2017,11,11,1
824,2017-11-08,ETH,294.27,318.7,293.1,309.07,967955968.0,28128708608.0,2017,11,11,2
825,2017-11-09,ETH,308.64,329.45,307.06,320.88,893249984.0,29508962304.0,2017,11,11,3
826,2017-11-10,ETH,320.67,324.72,294.54,299.25,885985984.0,30665191424.0,2017,11,11,4
827,2017-11-11,ETH,298.59,319.45,298.19,314.68,842300992.0,28559437824.0,2017,11,11,5
828,2017-11-12,ETH,314.69,319.15,298.51,307.91,1613479936.0,30106191872.0,2017,11,11,6
829,2017-11-13,ETH,307.02,328.42,307.02,316.72,1041889984.0,29379016704.0,2017,11,11,0
830,2017-11-14,ETH,316.76,340.18,316.76,337.63,1069680000.0,30317289472.0,2017,11,11,1
831,2017-11-15,ETH,337.96,340.91,329.81,333.36,722665984.0,32353241088.0,2017,11,11,2
832,2017-11-16,ETH,333.44,336.16,323.61,330.92,797254016.0,31927291904.0,2017,11,11,3
833,2017-11-17,ETH,330.17,334.96,327.52,332.39,621732992.0,31620308992.0,2017,11,11,4
834,2017-11-18,ETH,331.98,349.62,327.69,347.61,649638976.0,31800690688.0,2017,11,11,5
835,2017-11-19,ETH,347.4,371.29,344.74,354.39,1181529984.0,33284902912.0,2017,11,11,6
836,2017-11-20,ETH,354.09,372.14,353.29,366.73,807027008.0,33933447168.0,2017,11,11,0
837,2017-11-21,ETH,367.44,372.47,350.69,360.4,949912000.0,35220160512.0,2017,11,11,1
838,2017-11-22,ETH,360.31,381.42,360.15,380.65,800819008.0,34544005120.0,2017,11,11,2
839,2017-11-23,ETH,381.44,425.55,376.09,410.17,1845680000.0,36577304576.0,2017,11,11,3
840,2017-11-24,ETH,412.5,480.97,402.76,474.91,2292829952.0,39564333056.0,2017,11,11,4
841,2017-11-25,ETH,475.68,485.19,461.05,466.28,1422080000.0,45633404928.0,2017,11,11,5
842,2017-11-26,ETH,465.97,472.72,451.61,471.33,1197779968.0,44712116224.0,2017,11,11,6
843,2017-11-27,ETH,471.53,493.4,468.48,480.36,1396480000.0,45254983680.0,2017,11,11,0
844,2017-11-28,ETH,480.52,482.48,466.35,472.9,1346499968.0,46127161344.0,2017,11,11,1
845,2017-11-29,ETH,473.28,522.31,425.07,427.52,2675940096.0,45442129920.0,2017,11,11,2
846,2017-11-30,ETH,431.21,465.5,401.24,447.11,1903040000.0,41411944448.0,2017,11,11,3
847,2017-12-01,ETH,445.21,472.61,428.31,466.54,1247879936.0,42764972032.0,2017,12,12,4
848,2017-12-02,ETH,466.85,476.24,456.65,463.45,943649984.0,44853297152.0,2017,12,12,5
849,2017-12-03,ETH,463.7,482.81,451.85,465.85,990556992.0,44560453632.0,2017,12,12,6
850,2017-12-04,ETH,466.05,474.78,453.31,470.2,1005550016.0,44795654144.0,2017,12,12,0
851,2017-12-05,ETH,470.29,473.56,457.66,463.28,1216720000.0,45212790784.0,2017,12,12,1
852,2017-12-06,ETH,462.6,462.71,420.21,428.59,1998259968.0,44483092480.0,2017,12,12,2
853,2017-12-07,ETH,426.37,441.4,414.41,434.41,2129570048.0,41007566848.0,2017,12,12,3
854,2017-12-08,ETH,434.99,466.06,422.37,456.03,2336379904.0,41845780480.0,2017,12,12,4
855,2017-12-09,ETH,457.34,504.15,456.25,473.5,2003849984.0,44005625856.0,2017,12,12,5
856,2017-12-10,ETH,472.79,472.79,429.51,441.72,1404179968.0,45501435904.0,2017,12,12,6
857,2017-12-11,ETH,440.36,516.97,439.1,515.14,1771440000.0,42389250048.0,2017,12,12,0
858,2017-12-12,ETH,522.29,657.32,504.49,651.43,5179829760.0,50286358528.0,2017,12,12,1
859,2017-12-13,ETH,644.91,747.99,597.8,702.77,4524539904.0,62105632768.0,2017,12,12,2
860,2017-12-14,ETH,700.59,753.12,664.99,695.82,3821580032.0,67482947584.0,2017,12,12,3
861,2017-12-15,ETH,696.38,697.13,621.06,684.45,2758710016.0,67090915328.0,2017,12,12,4
862,2017-12-16,ETH,686.19,718.39,680.79,696.21,2165690112.0,66124197888.0,2017,12,12,5
863,2017-12-17,ETH,696.24,735.83,696.24,719.97,2147389952.0,67106369536.0,2017,12,12,6
864,2017-12-18,ETH,721.73,803.93,689.23,794.65,3249230080.0,69578416128.0,2017,12,12,0
865,2017-12-19,ETH,793.9,881.94,785.34,826.82,4096549888.0,76552151040.0,2017,12,12,1
866,2017-12-20,ETH,827.52,845.06,756.0,819.09,3969939968.0,79810617344.0,2017,12,12,2
867,2017-12-21,ETH,820.24,880.54,792.69,821.06,3569060096.0,79125323776.0,2017,12,12,3
868,2017-12-22,ETH,822.64,827.68,543.76,674.86,4977710080.0,79374360576.0,2017,12,12,4
869,2017-12-23,ETH,681.32,763.9,679.73,719.39,2480339968.0,65752117248.0,2017,12,12,5
870,2017-12-24,ETH,721.77,721.77,614.92,694.15,2300549888.0,69671215104.0,2017,12,12,6
871,2017-12-25,ETH,698.87,782.52,698.87,765.83,2491760128.0,67475095552.0,2017,12,12,0
872,2017-12-26,ETH,763.37,786.79,760.93,773.84,2201159936.0,73717784576.0,2017,12,12,1
873,2017-12-27,ETH,774.97,789.25,738.41,762.84,2100029952.0,74854146048.0,2017,12,12,2
874,2017-12-28,ETH,762.21,763.32,701.19,737.02,2389149952.0,73637076992.0,2017,12,12,3
875,2017-12-29,ETH,740.39,770.12,729.61,753.59,2648969984.0,71544307712.0,2017,12,12,4
876,2017-12-30,ETH,753.82,753.82,685.23,717.26,3187780096.0,72856870912.0,2017,12,12,5
877,2017-12-31,ETH,712.21,760.35,710.12,756.73,2554269952.0,68850778112.0,2017,12,12,6
878,2018-01-01,ETH,755.76,782.53,742.0,772.64,2595760128.0,73075769344.0,2018,1,1,0
879,2018-01-02,ETH,772.35,914.83,772.35,884.44,5783349760.0,74695671808.0,2018,1,1,1
880,2018-01-03,ETH,886.0,974.47,868.45,962.72,5093159936.0,85703540736.0,2018,1,1,2
881,2018-01-04,ETH,961.71,1045.08,946.09,980.92,6502859776.0,93049372672.0,2018,1,1,3
882,2018-01-05,ETH,975.75,1075.39,956.33,997.72,6683149824.0,94423851008.0,2018,1,1,4
883,2018-01-06,ETH,995.15,1060.71,994.62,1041.68,4662219776.0,96326549504.0,2018,1,1,5
884,2018-01-07,ETH,1043.01,1153.17,1043.01,1153.17,5569880064.0,100981178368.0,2018,1,1,6
885,2018-01-08,ETH,1158.26,1266.93,1016.05,1148.53,8450970112.0,112163954688.0,2018,1,1,0
886,2018-01-09,ETH,1146.0,1320.98,1145.49,1299.74,7965459968.0,110999126016.0,2018,1,1,1
887,2018-01-10,ETH,1300.34,1417.38,1226.6,1255.82,9214950400.0,125975928832.0,2018,1,1,2
888,2018-01-11,ETH,1268.09,1337.3,1135.17,1154.93,7235899904.0,122878590976.0,2018,1,1,3
889,2018-01-12,ETH,1158.29,1296.04,1120.09,1273.2,5222300160.0,112263086080.0,2018,1,1,4
890,2018-01-13,ETH,1270.47,1432.88,1270.47,1396.42,5746760192.0,123162533888.0,2018,1,1,5
891,2018-01-14,ETH,1397.48,1400.56,1286.21,1366.77,4841630208.0,135503314944.0,2018,1,1,6
892,2018-01-15,ETH,1365.21,1390.59,1290.6,1291.92,4781100032.0,132403560448.0,2018,1,1,0
893,2018-01-16,ETH,1292.63,1292.63,875.54,1053.69,8405139968.0,125388570624.0,2018,1,1,1
894,2018-01-17,ETH,1061.34,1090.23,780.92,1014.25,8545160192.0,102973726720.0,2018,1,1,2
895,2018-01-18,ETH,1016.44,1100.31,967.76,1036.28,5938319872.0,98642083840.0,2018,1,1,3
896,2018-01-19,ETH,1028.82,1093.22,1003.71,1039.1,4084450048.0,99863855104.0,2018,1,1,4
897,2018-01-20,ETH,1044.95,1167.11,1044.95,1155.15,3975190016.0,101450956800.0,2018,1,1,5
898,2018-01-21,ETH,1155.68,1155.68,1021.5,1049.58,3378089984.0,112225746944.0,2018,1,1,6
899,2018-01-22,ETH,1055.35,1089.1,930.74,1003.26,3810099968.0,102504308736.0,2018,1,1,0
900,2018-01-23,ETH,1004.17,1023.23,920.54,986.23,3556699904.0,97554251776.0,2018,1,1,1
901,2018-01-24,ETH,987.48,1062.44,965.81,1058.78,3944039936.0,95952658432.0,2018,1,1,2
902,2018-01-25,ETH,1063.22,1104.66,1034.74,1056.03,4050190080.0,103334617088.0,2018,1,1,3
903,2018-01-26,ETH,1052.7,1080.6,996.78,1055.17,3617690112.0,102333644800.0,2018,1,1,4
904,2018-01-27,ETH,1055.75,1121.98,1042.12,1107.07,3002870016.0,102651150336.0,2018,1,1,5
905,2018-01-28,ETH,1111.78,1257.77,1111.78,1246.01,5372329984.0,108121956352.0,2018,1,1,6
906,2018-01-29,ETH,1246.7,1256.7,1169.08,1182.36,3715079936.0,121268518912.0,2018,1,1,0
907,2018-01-30,ETH,1184.13,1184.63,1058.97,1071.13,4107859968.0,115206995968.0,2018,1,1,1
908,2018-01-31,ETH,1071.09,1128.66,1034.5,1118.31,3757560064.0,104230846464.0,2018,1,1,2
909,2018-02-01,ETH,1119.37,1161.35,984.82,1036.79,5261680128.0,108952059904.0,2018,2,2,3
910,2018-02-02,ETH,1035.77,1035.77,757.98,915.78,6713290240.0,100835745792.0,2018,2,2,4
911,2018-02-03,ETH,919.21,991.94,847.69,964.02,3243480064.0,89507553280.0,2018,2,2,5
912,2018-02-04,ETH,964.67,969.03,805.06,834.68,2997090048.0,93953425408.0,2018,2,2,6
913,2018-02-05,ETH,834.96,856.65,644.6,697.95,4269530112.0,81337360384.0,2018,2,2,0
914,2018-02-06,ETH,707.74,796.44,574.42,793.12,6518269952.0,68958748672.0,2018,2,2,1
915,2018-02-07,ETH,790.43,851.2,723.43,757.07,3896179968.0,77031956480.0,2018,2,2,2
916,2018-02-08,ETH,755.84,845.09,755.84,817.81,3708189952.0,73676865536.0,2018,2,2,3
917,2018-02-09,ETH,818.48,884.0,788.83,883.86,2495820032.0,79799255040.0,2018,2,2,4
918,2018-02-10,ETH,882.47,917.4,825.58,860.41,2930530048.0,86055600128.0,2018,2,2,5
919,2018-02-11,ETH,859.29,859.29,788.22,814.66,2486650112.0,83813031936.0,2018,2,2,6
920,2018-02-12,ETH,817.51,875.94,817.51,868.71,2243450112.0,79754362880.0,2018,2,2,0
921,2018-02-13,ETH,869.29,870.71,828.84,845.26,2081170048.0,84824178688.0,2018,2,2,1
922,2018-02-14,ETH,844.28,926.43,844.28,923.56,2818370048.0,82400600064.0,2018,2,2,2
923,2018-02-15,ETH,923.73,951.95,911.11,936.98,2900100096.0,90173317120.0,2018,2,2,3
924,2018-02-16,ETH,934.79,950.01,917.85,944.21,2369449984.0,91272060928.0,2018,2,2,4
925,2018-02-17,ETH,944.75,976.59,940.75,974.11,2525720064.0,92263997440.0,2018,2,2,5
926,2018-02-18,ETH,973.35,982.93,915.45,923.92,2567290112.0,95077122048.0,2018,2,2,6
927,2018-02-19,ETH,921.67,957.78,921.55,943.86,2169019904.0,90047660032.0,2018,2,2,0
928,2018-02-20,ETH,943.57,965.27,892.95,895.37,2545260032.0,92206530560.0,2018,2,2,1
929,2018-02-21,ETH,894.14,912.38,830.56,849.97,2531729920.0,87394197504.0,2018,2,2,2
930,2018-02-22,ETH,849.26,875.93,802.67,812.84,2150370048.0,83025805312.0,2018,2,2,3
931,2018-02-23,ETH,811.59,886.32,794.79,864.19,2334820096.0,79358885888.0,2018,2,2,4
932,2018-02-24,ETH,861.59,879.53,818.55,840.52,1926579968.0,84266672128.0,2018,2,2,5
933,2018-02-25,ETH,839.46,853.15,822.38,844.81,1646960000.0,82119106560.0,2018,2,2,6
934,2018-02-26,ETH,845.28,880.39,842.32,869.32,2044480000.0,82705440768.0,2018,2,2,0
935,2018-02-27,ETH,870.36,896.26,867.1,878.27,2053980032.0,85177769984.0,2018,2,2,1
936,2018-02-28,ETH,877.93,890.11,855.12,855.2,1963980032.0,85936373760.0,2018,2,2,2
937,2018-03-01,ETH,856.01,880.3,851.92,872.2,1868519936.0,83808206848.0,2018,3,3,3
938,2018-03-02,ETH,871.76,876.38,852.42,856.85,1894419968.0,85368119296.0,2018,3,3,4
939,2018-03-03,ETH,856.71,868.45,855.21,857.22,1699369984.0,83911745536.0,2018,3,3,5
940,2018-03-04,ETH,856.19,867.95,840.28,866.68,1697939968.0,83877822464.0,2018,3,3,6
941,2018-03-05,ETH,866.85,869.92,853.52,853.68,1898489984.0,84939661312.0,2018,3,3,0
942,2018-03-06,ETH,853.82,853.82,809.93,816.95,1943069952.0,83680387072.0,2018,3,3,1
943,2018-03-07,ETH,816.27,825.61,726.55,752.83,2175419904.0,80017293312.0,2018,3,3,2
944,2018-03-08,ETH,752.57,773.77,696.17,704.6,1891640064.0,73788366848.0,2018,3,3,3
945,2018-03-09,ETH,702.2,729.16,648.11,728.92,2233019904.0,68863623168.0,2018,3,3,4
946,2018-03-10,ETH,730.16,748.03,682.7,686.89,1532960000.0,71620730880.0,2018,3,3,5
947,2018-03-11,ETH,685.31,735.83,668.12,723.34,1562680064.0,67235676160.0,2018,3,3,6
948,2018-03-12,ETH,724.41,742.51,683.27,699.83,1764999936.0,71086022656.0,2018,3,3,0
949,2018-03-13,ETH,698.15,713.73,682.35,690.83,1425959936.0,68524040192.0,2018,3,3,1
950,2018-03-14,ETH,691.22,702.78,594.1,614.29,1810560000.0,67857620992.0,2018,3,3,2
951,2018-03-15,ETH,614.84,620.62,579.51,611.3,1770460032.0,60371841024.0,2018,3,3,3
952,2018-03-16,ETH,611.78,623.17,587.86,601.67,1417350016.0,60083740672.0,2018,3,3,4
953,2018-03-17,ETH,601.68,609.15,549.1,552.78,1267810048.0,59104202752.0,2018,3,3,5
954,2018-03-18,ETH,551.64,551.64,460.09,538.64,2685499904.0,54200090624.0,2018,3,3,6
955,2018-03-19,ETH,546.63,558.1,519.12,556.73,2046790016.0,53718638592.0,2018,3,3,0
956,2018-03-20,ETH,556.72,567.09,521.2,557.17,1833680000.0,54722097152.0,2018,3,3,1
957,2018-03-21,ETH,559.1,589.61,550.57,561.73,1781270016.0,54967263232.0,2018,3,3,2
958,2018-03-22,ETH,562.1,577.57,523.09,539.7,1523459968.0,55273844736.0,2018,3,3,3
959,2018-03-23,ETH,539.86,540.49,512.13,539.62,1596349952.0,53098102784.0,2018,3,3,4
960,2018-03-24,ETH,542.57,545.38,526.08,526.44,1300009984.0,53375389696.0,2018,3,3,5
961,2018-03-25,ETH,522.7,535.82,515.66,524.29,1151170048.0,51431555072.0,2018,3,3,6
962,2018-03-26,ETH,524.29,526.38,470.44,489.95,1638880000.0,51598032896.0,2018,3,3,0
963,2018-03-27,ETH,489.59,491.46,449.97,450.12,1617939968.0,48193265664.0,2018,3,3,1
964,2018-03-28,ETH,450.29,466.21,444.86,446.28,1514179968.0,44333998080.0,2018,3,3,2
965,2018-03-29,ETH,448.08,450.81,385.81,385.97,1970230016.0,44124962816.0,2018,3,3,3
966,2018-03-30,ETH,385.9,409.93,368.63,394.64,1878130048.0,38010560512.0,2018,3,3,4
967,2018-03-31,ETH,395.0,418.47,392.95,396.46,1323920000.0,38914854912.0,2018,3,3,5
968,2018-04-01,ETH,397.25,400.53,363.8,379.61,1256930048.0,39144660992.0,2018,4,4,6
969,2018-04-02,ETH,379.7,395.17,377.59,386.42,1102259968.0,37422485504.0,2018,4,4,0
970,2018-04-03,ETH,387.31,418.97,383.53,416.89,1363399936.0,38180753408.0,2018,4,4,1
971,2018-04-04,ETH,416.48,417.47,375.31,380.54,1287730048.0,41065078784.0,2018,4,4,2
972,2018-04-05,ETH,379.95,387.72,369.82,383.23,1210680064.0,37470154752.0,2018,4,4,3
973,2018-04-06,ETH,382.73,385.2,366.91,370.29,967105984.0,37752598528.0,2018,4,4,4
974,2018-04-07,ETH,370.38,393.06,369.94,385.31,951475008.0,36541886464.0,2018,4,4,5
975,2018-04-08,ETH,385.74,402.59,385.6,400.51,948488000.0,38065418240.0,2018,4,4,6
976,2018-04-09,ETH,400.86,429.25,390.61,398.53,1478390016.0,39565053952.0,2018,4,4,0
977,2018-04-10,ETH,399.41,415.89,393.88,414.24,1196000000.0,39430418432.0,2018,4,4,1
978,2018-04-11,ETH,415.02,430.54,412.47,430.54,1439040000.0,40980213760.0,2018,4,4,2
979,2018-04-12,ETH,430.16,493.06,417.41,492.94,2519360000.0,42483642368.0,2018,4,4,3
980,2018-04-13,ETH,493.16,526.47,482.66,492.73,2419249920.0,48715440128.0,2018,4,4,4
981,2018-04-14,ETH,492.58,512.02,488.28,501.48,1519079936.0,48668385280.0,2018,4,4,5
982,2018-04-15,ETH,502.88,531.7,502.88,531.7,1726089984.0,49696276480.0,2018,4,4,6
983,2018-04-16,ETH,532.07,534.2,500.25,511.15,1758979968.0,52592173056.0,2018,4,4,0
984,2018-04-17,ETH,511.14,518.03,502.56,502.89,1760359936.0,50533986304.0,2018,4,4,1
985,2018-04-18,ETH,503.31,525.09,503.05,524.79,1762940032.0,49769598976.0,2018,4,4,2
986,2018-04-19,ETH,524.04,567.89,523.26,567.89,2256869888.0,51829911552.0,2018,4,4,3
987,2018-04-20,ETH,567.99,618.72,560.28,615.72,2849469952.0,56188690432.0,2018,4,4,4
988,2018-04-21,ETH,616.0,621.89,578.55,605.4,2612460032.0,60951126016.0,2018,4,4,5
989,2018-04-22,ETH,606.12,640.77,593.87,621.86,2426269952.0,59985526784.0,2018,4,4,6
990,2018-04-23,ETH,621.2,646.7,621.03,642.55,2386830080.0,61490569216.0,2018,4,4,0
991,2018-04-24,ETH,643.4,708.88,643.4,708.16,3581860096.0,63701196800.0,2018,4,4,1
992,2018-04-25,ETH,707.06,707.06,600.21,615.42,4216140032.0,70018859008.0,2018,4,4,2
993,2018-04-26,ETH,618.08,663.18,604.01,662.81,2984009984.0,61219713024.0,2018,4,4,3
994,2018-04-27,ETH,662.11,684.87,647.03,647.03,2598129920.0,65594621952.0,2018,4,4,4
995,2018-04-28,ETH,644.65,691.44,644.65,683.68,2496659968.0,63877652480.0,2018,4,4,5
996,2018-04-29,ETH,683.91,697.76,670.51,688.88,2740559872.0,67782361088.0,2018,4,4,6
997,2018-04-30,ETH,689.76,694.44,666.12,669.92,2853100032.0,68376399872.0,2018,4,4,0
998,2018-05-01,ETH,670.46,674.4,637.54,673.61,2678960128.0,66477199360.0,2018,5,5,1
999,2018-05-02,ETH,674.08,688.84,667.42,687.15,2822269952.0,66849062912.0,2018,5,5,2
1000,2018-05-03,ETH,686.59,784.34,686.59,779.54,4210939904.0,68104626176.0,2018,5,5,3
1001,2018-05-04,ETH,776.78,803.75,762.63,785.62,3533410048.0,77066190848.0,2018,5,5,4
1002,2018-05-05,ETH,784.58,827.46,784.24,816.12,3035040000.0,77856997376.0,2018,5,5,5
1003,2018-05-06,ETH,816.09,835.06,764.88,792.31,3105570048.0,81000235008.0,2018,5,5,6
1004,2018-05-07,ETH,793.34,795.76,710.18,753.72,4316120064.0,78758748160.0,2018,5,5,0
1005,2018-05-08,ETH,755.01,774.25,728.13,752.86,2920489984.0,74969153536.0,2018,5,5,1
1006,2018-05-09,ETH,752.9,759.53,718.47,752.28,2877870080.0,74775298048.0,2018,5,5,2
1007,2018-05-10,ETH,752.58,766.75,726.66,727.28,2748950016.0,74758676480.0,2018,5,5,3
1008,2018-05-11,ETH,727.01,736.98,669.83,679.59,3290080000.0,72233836544.0,2018,5,5,4
1009,2018-05-12,ETH,679.88,691.41,644.07,686.05,2668480000.0,67564580864.0,2018,5,5,5
1010,2018-05-13,ETH,687.17,741.31,675.32,733.5,2362500096.0,68304031744.0,2018,5,5,6
1011,2018-05-14,ETH,732.73,742.17,695.79,730.55,3005110016.0,72847450112.0,2018,5,5,0
1012,2018-05-15,ETH,731.14,739.05,700.99,708.87,2523069952.0,72704294912.0,2018,5,5,1
1013,2018-05-16,ETH,708.09,710.2,682.54,707.05,2476130048.0,70426165248.0,2018,5,5,2
1014,2018-05-17,ETH,708.72,718.83,668.83,672.66,2350619904.0,70503424000.0,2018,5,5,3
1015,2018-05-18,ETH,672.1,695.03,663.81,694.37,2305740032.0,66874667008.0,2018,5,5,4
1016,2018-05-19,ETH,695.07,715.58,686.79,696.53,2021549952.0,69174624256.0,2018,5,5,5
1017,2018-05-20,ETH,697.92,723.75,692.67,715.37,2156910080.0,69472772096.0,2018,5,5,6
1018,2018-05-21,ETH,717.19,719.28,692.49,699.22,2005170048.0,71405764608.0,2018,5,5,0
1019,2018-05-22,ETH,700.18,700.98,644.03,647.74,2230469888.0,69726265344.0,2018,5,5,1
1020,2018-05-23,ETH,646.67,651.64,572.95,583.59,2995429888.0,64410955776.0,2018,5,5,2
1021,2018-05-24,ETH,584.54,610.82,557.21,601.76,2791099904.0,58234437632.0,2018,5,5,3
1022,2018-05-25,ETH,602.14,617.19,575.62,586.73,2110919936.0,60000411648.0,2018,5,5,4
1023,2018-05-26,ETH,587.43,606.17,583.51,587.28,1694300032.0,58546393088.0,2018,5,5,5
1024,2018-05-27,ETH,588.52,590.33,562.87,572.67,1788790016.0,58667597824.0,2018,5,5,6
1025,2018-05-28,ETH,573.04,576.05,512.55,516.04,2356900096.0,57136672768.0,2018,5,5,0
1026,2018-05-29,ETH,516.15,572.26,516.15,565.39,2330820096.0,51474354176.0,2018,5,5,1
1027,2018-05-30,ETH,566.83,583.14,545.43,559.59,2053970048.0,56540450816.0,2018,5,5,2
1028,2018-05-31,ETH,558.5,585.54,557.07,577.65,1985040000.0,55720755200.0,2018,5,5,3
1029,2018-06-01,ETH,578.67,589.09,567.66,580.04,1945890048.0,57745653760.0,2018,6,6,4
1030,2018-06-02,ETH,580.43,597.08,577.32,591.81,1880390016.0,57932898304.0,2018,6,6,5
1031,2018-06-03,ETH,591.26,624.51,591.26,618.33,1832550016.0,59026063360.0,2018,6,6,6
1032,2018-06-04,ETH,619.44,623.43,583.75,592.98,1903430016.0,61851828224.0,2018,6,6,0
1033,2018-06-05,ETH,593.41,611.33,580.98,609.3,1844269952.0,59264888832.0,2018,6,6,1
1034,2018-06-06,ETH,610.26,611.64,596.4,607.12,1756530048.0,60960747520.0,2018,6,6,2
1035,2018-06-07,ETH,607.69,616.14,601.69,605.19,1880140032.0,60716105728.0,2018,6,6,3
1036,2018-06-08,ETH,605.44,608.81,595.59,601.08,1637779968.0,60504510464.0,2018,6,6,4
1037,2018-06-09,ETH,600.91,608.58,597.56,597.56,1519309952.0,60063412224.0,2018,6,6,5
1038,2018-06-10,ETH,594.34,594.34,511.89,526.48,2234880000.0,59420127232.0,2018,6,6,6
1039,2018-06-11,ETH,524.86,536.86,515.27,533.28,1982119936.0,52483739648.0,2018,6,6,0
1040,2018-06-12,ETH,532.71,538.96,491.23,496.84,1932760064.0,53280096256.0,2018,6,6,1
1041,2018-06-13,ETH,498.02,501.9,459.0,477.49,2080130048.0,49820487680.0,2018,6,6,2
1042,2018-06-14,ETH,478.38,523.54,467.47,519.74,2458650112.0,47865864192.0,2018,6,6,3
1043,2018-06-15,ETH,520.48,521.3,487.47,491.0,1808269952.0,52088942592.0,2018,6,6,4
1044,2018-06-16,ETH,490.41,503.22,488.85,499.64,1314109952.0,49090068480.0,2018,6,6,5
1045,2018-06-17,ETH,499.46,507.64,498.65,500.45,1264870016.0,50005819392.0,2018,6,6,6
1046,2018-06-18,ETH,499.38,521.8,494.07,518.89,1513869952.0,50008236032.0,2018,6,6,0
1047,2018-06-19,ETH,519.02,542.35,516.31,537.96,1726569984.0,51985747968.0,2018,6,6,1
1048,2018-06-20,ETH,538.51,541.02,519.37,536.27,1596290048.0,53948207104.0,2018,6,6,2
1049,2018-06-21,ETH,536.45,543.72,524.26,527.37,1462070016.0,53752930304.0,2018,6,6,3
1050,2018-06-22,ETH,527.19,527.19,456.88,465.82,2226030080.0,52836593664.0,2018,6,6,4
1051,2018-06-23,ETH,466.27,479.13,462.39,474.52,1651379968.0,46740672512.0,2018,6,6,5
1052,2018-06-24,ETH,474.77,475.36,426.47,457.67,2490579968.0,47601897472.0,2018,6,6,6
1053,2018-06-25,ETH,455.94,470.34,448.9,460.31,4007950080.0,45723099136.0,2018,6,6,0
1054,2018-06-26,ETH,460.73,461.21,432.77,432.77,1356560000.0,46213595136.0,2018,6,6,1
1055,2018-06-27,ETH,432.24,444.24,424.84,442.36,1368940032.0,43364880384.0,2018,6,6,2
1056,2018-06-28,ETH,442.29,443.62,419.68,422.36,1360790016.0,44381904896.0,2018,6,6,3
1057,2018-06-29,ETH,422.59,441.79,407.95,436.01,1564499968.0,42413408256.0,2018,6,6,4
1058,2018-06-30,ETH,436.21,458.8,436.21,455.18,1475939968.0,43789488128.0,2018,6,6,5
1059,2018-07-01,ETH,455.24,457.14,446.39,453.92,1511730048.0,45709529088.0,2018,7,7,6
1060,2018-07-02,ETH,453.82,479.13,447.11,475.35,1625789952.0,45576421376.0,2018,7,7,0
1061,2018-07-03,ETH,475.39,483.85,462.58,464.2,1683939968.0,47751659520.0,2018,7,7,1
1062,2018-07-04,ETH,464.15,481.44,455.18,467.32,1549769984.0,46632648704.0,2018,7,7,2
1063,2018-07-05,ETH,467.29,483.23,464.63,474.41,1828610048.0,46957277184.0,2018,7,7,3
1064,2018-07-06,ETH,474.36,479.65,457.61,474.01,1627609984.0,47677440000.0,2018,7,7,4
1065,2018-07-07,ETH,474.06,491.66,466.84,491.66,1358360064.0,47656947712.0,2018,7,7,5
1066,2018-07-08,ETH,492.07,503.2,488.42,489.12,1344560000.0,49477697536.0,2018,7,7,6
1067,2018-07-09,ETH,488.88,490.85,475.17,476.68,1533799936.0,49166921728.0,2018,7,7,0
1068,2018-07-10,ETH,476.16,478.32,433.96,434.42,1789069952.0,47897903104.0,2018,7,7,1
1069,2018-07-11,ETH,434.52,447.32,429.51,446.52,1422470016.0,43717398528.0,2018,7,7,2
1070,2018-07-12,ETH,446.5,446.5,422.81,430.07,1495440000.0,44932661248.0,2018,7,7,3
1071,2018-07-13,ETH,430.74,442.36,430.74,434.03,1489670016.0,43355430912.0,2018,7,7,4
1072,2018-07-14,ETH,434.51,439.43,431.47,436.09,1235820032.0,43743715328.0,2018,7,7,5
1073,2018-07-15,ETH,435.88,454.0,433.92,449.85,1350160000.0,43890753536.0,2018,7,7,6
1074,2018-07-16,ETH,450.42,480.66,446.8,480.66,1858680064.0,45364322304.0,2018,7,7,0
1075,2018-07-17,ETH,480.08,508.78,468.92,501.0,2288100096.0,48360497152.0,2018,7,7,1
1076,2018-07-18,ETH,500.84,513.43,474.36,480.51,2371559936.0,50462244864.0,2018,7,7,2
1077,2018-07-19,ETH,480.63,483.24,465.14,469.62,2068739968.0,48435744768.0,2018,7,7,3
1078,2018-07-20,ETH,469.31,469.31,443.69,450.7,1821350016.0,47304454144.0,2018,7,7,4
1079,2018-07-21,ETH,450.68,468.08,445.78,462.44,1504310016.0,45435904000.0,2018,7,7,5
1080,2018-07-22,ETH,462.44,470.9,458.12,459.66,1338589952.0,46630920192.0,2018,7,7,6
1081,2018-07-23,ETH,459.44,469.77,449.73,450.85,1596999936.0,46338043904.0,2018,7,7,0
1082,2018-07-24,ETH,451.14,481.14,450.57,479.37,2287520000.0,45509849088.0,2018,7,7,1
1083,2018-07-25,ETH,479.91,482.87,466.47,472.49,1930780032.0,48421990400.0,2018,7,7,2
1084,2018-07-26,ETH,472.33,483.7,461.42,464.04,1621560064.0,47667482624.0,2018,7,7,3
1085,2018-07-27,ETH,464.01,473.22,458.29,469.67,1734259968.0,46837104640.0,2018,7,7,4
1086,2018-07-28,ETH,469.68,471.59,462.99,466.9,1531890048.0,47418966016.0,2018,7,7,5
1087,2018-07-29,ETH,466.92,470.36,462.71,466.67,1631910016.0,47149572096.0,2018,7,7,6
1088,2018-07-30,ETH,466.83,467.95,448.64,457.08,2141590000.0,47150243495.0,2018,7,7,0
1089,2018-07-31,ETH,457.25,457.25,430.44,433.87,1820680000.0,46191809198.0,2018,7,7,1
1090,2018-08-01,ETH,433.87,435.46,410.46,420.75,1888060000.0,43839225862.0,2018,8,8,2
1091,2018-08-02,ETH,420.81,425.03,410.31,412.62,1569300000.0,42527933834.0,2018,8,8,3
1092,2018-08-03,ETH,412.57,420.55,399.91,418.26,1722340000.0,41703717522.0,2018,8,8,4
1093,2018-08-04,ETH,418.24,420.19,403.78,407.25,1466540000.0,42285422559.0,2018,8,8,5
1094,2018-08-05,ETH,407.35,413.72,402.43,410.52,1396820000.0,41192725337.0,2018,8,8,6
1095,2018-08-06,ETH,410.57,414.54,403.31,406.66,1384880000.0,41526865933.0,2018,8,8,0
1096,2018-08-07,ETH,406.8,411.4,376.08,380.21,1828350000.0,41154302930.0,2018,8,8,1
1097,2018-08-08,ETH,379.89,380.67,353.73,356.61,2016080000.0,38439767874.0,2018,8,8,2
1098,2018-08-09,ETH,356.97,370.95,353.61,365.59,1616610000.0,36127750164.0,2018,8,8,3
1099,2018-08-10,ETH,365.78,367.05,329.59,334.18,1699400000.0,37026418724.0,2018,8,8,4
1100,2018-08-11,ETH,334.26,334.26,308.49,322.11,1790370000.0,33843432717.0,2018,8,8,5
1101,2018-08-12,ETH,320.82,328.59,318.6,319.57,1625420000.0,32489149687.0,2018,8,8,6
1102,2018-08-13,ETH,320.21,323.55,284.93,286.5,1751190000.0,32433585929.0,2018,8,8,0
1103,2018-08-14,ETH,286.37,286.37,254.65,278.93,2137850000.0,29011325541.0,2018,8,8,1
1104,2018-08-15,ETH,280.39,303.59,280.12,282.36,1878150000.0,28411365408.0,2018,8,8,2
1105,2018-08-16,ETH,282.74,298.48,280.93,288.05,1552970000.0,28655663078.0,2018,8,8,3
1106,2018-08-17,ETH,287.68,316.17,287.35,315.73,1995460000.0,29162476049.0,2018,8,8,4
1107,2018-08-18,ETH,316.79,320.45,286.55,295.81,1764020000.0,32119577919.0,2018,8,8,5
1108,2018-08-19,ETH,295.67,307.1,291.33,300.83,1447910000.0,29984192045.0,2018,8,8,6
1109,2018-08-20,ETH,301.38,304.37,273.51,274.31,1413790000.0,30569460458.0,2018,8,8,0
1110,2018-08-21,ETH,273.33,285.97,273.33,281.94,1164120000.0,27729942831.0,2018,8,8,1
1111,2018-08-22,ETH,281.97,297.49,265.0,271.34,1507660000.0,28611999411.0,2018,8,8,2
1112,2018-08-23,ETH,271.75,279.55,271.09,277.1,1271160000.0,27580425754.0,2018,8,8,3
1113,2018-08-24,ETH,278.11,283.3,273.86,282.97,1450170000.0,28231866915.0,2018,8,8,4
1114,2018-08-25,ETH,283.28,283.51,278.47,279.65,1208360000.0,28762556561.0,2018,8,8,5
1115,2018-08-26,ETH,279.52,279.52,272.44,275.2,1206650000.0,28386921151.0,2018,8,8,6
1116,2018-08-27,ETH,275.35,285.6,273.65,285.6,1406790000.0,27968567433.0,2018,8,8,0
1117,2018-08-28,ETH,286.65,297.4,283.57,296.5,1513350000.0,29122157621.0,2018,8,8,1
1118,2018-08-29,ETH,296.16,297.07,287.29,289.31,1474460000.0,30094775053.0,2018,8,8,2
1119,2018-08-30,ETH,289.75,291.24,275.21,284.11,1513100000.0,29449252259.0,2018,8,8,3
1120,2018-08-31,ETH,284.12,284.55,278.51,283.0,1411910000.0,28882613519.0,2018,8,8,4
1121,2018-09-01,ETH,283.5,301.14,283.5,295.34,1546630000.0,28824991126.0,2018,9,9,5
1122,2018-09-02,ETH,295.45,298.69,290.93,294.37,1321050000.0,30046692957.0,2018,9,9,6
1123,2018-09-03,ETH,295.18,295.59,287.43,289.26,1394490000.0,30025069120.0,2018,9,9,0
1124,2018-09-04,ETH,289.3,291.58,284.25,285.72,1554870000.0,29432488855.0,2018,9,9,1
1125,2018-09-05,ETH,286.05,288.16,232.33,232.33,2390390000.0,29107551074.0,2018,9,9,2
1126,2018-09-06,ETH,231.65,231.75,218.12,230.22,2097310000.0,23576873426.0,2018,9,9,3
1127,2018-09-07,ETH,229.53,233.9,217.07,217.2,1678260000.0,23366572107.0,2018,9,9,4
1128,2018-09-08,ETH,217.91,220.37,193.26,197.95,1517200000.0,22187693065.0,2018,9,9,5
1129,2018-09-09,ETH,198.38,207.67,188.31,196.92,1585980000.0,20203492382.0,2018,9,9,6
1130,2018-09-10,ETH,197.85,201.88,189.58,197.08,1502960000.0,20153125179.0,2018,9,9,0
1131,2018-09-11,ETH,198.18,198.51,180.6,185.07,1568900000.0,20190354865.0,2018,9,9,1
1132,2018-09-12,ETH,185.42,185.59,170.26,183.33,1874850000.0,18894773430.0,2018,9,9,2
1133,2018-09-13,ETH,183.68,214.0,183.68,211.35,2330720000.0,18720806713.0,2018,9,9,3
1134,2018-09-14,ETH,212.67,222.79,204.87,211.75,2232190000.0,21679865533.0,2018,9,9,4
1135,2018-09-15,ETH,209.81,226.6,209.61,223.07,1670490000.0,21393105695.0,2018,9,9,5
1136,2018-09-16,ETH,222.8,222.8,211.12,220.59,1502260000.0,22721984527.0,2018,9,9,6
1137,2018-09-17,ETH,221.58,224.26,195.31,197.88,2019910000.0,22602064199.0,2018,9,9,0
1138,2018-09-18,ETH,197.09,213.36,195.93,209.97,1800640000.0,20108282257.0,2018,9,9,1
1139,2018-09-19,ETH,209.47,213.87,201.66,209.97,1733330000.0,21375333033.0,2018,9,9,2
1140,2018-09-20,ETH,210.29,224.82,207.79,224.59,1782070000.0,21462913951.0,2018,9,9,3
1141,2018-09-21,ETH,225.25,248.39,221.57,246.58,2836200000.0,22994636921.0,2018,9,9,4
1142,2018-09-22,ETH,247.34,251.2,233.81,240.48,1921820000.0,25254412109.0,2018,9,9,5
1143,2018-09-23,ETH,240.99,247.46,237.86,244.33,1693470000.0,24611501926.0,2018,9,9,6
1144,2018-09-24,ETH,244.84,245.11,227.49,228.73,1748740000.0,25009868628.0,2018,9,9,0
1145,2018-09-25,ETH,228.33,228.33,206.49,218.5,2120360000.0,23327387770.0,2018,9,9,1
1146,2018-09-26,ETH,218.65,221.44,209.11,215.85,1756100000.0,22342857545.0,2018,9,9,2
1147,2018-09-27,ETH,215.44,230.61,212.65,228.49,2030320000.0,22019534943.0,2018,9,9,3
